Platform,Campaign name,Month and year,year,Currency, Amount spent ,Leads,Impressions,Link clicks," Cost per 1,000 Accounts Centre accounts reached ", Campaign Budget ,Status, Amount Earned ,Campaign DayNo,,,,,,,,,,,
Google,L1122_TTG_MY_SE_AO-GrandhillTwinPines_GEN-LOC,01-12-2022,2022,USD, $39.27 ,0,740,26, $53.07 ," $3,000.00 ",In Progress," $8,722.00 ",235,,,,,,,,,,,
Google,L1122_TTG_MY_SE_AO-GrandhillTwinPines_BRA-LOC,01-11-2022,2022,USD, $631.14 ,0,1601,98, $394.22 ," $1,000.00 ",Completed," $7,553.00 ",231,,,,,,,,,,,
Google,L1122_TTG_MY_SE_AO-GrandhillTwinPines_GEN-LOC,02-11-2022,2022,USD, $478.71 ,2,4319,168, $110.84 ," $3,000.00 ",In Progress," $6,303.00 ",232,,,,,,,,,,,
Google,L1122_TTG_MY_SE_AO-GrandhillTwinPines_GEN-LOC,03-11-2022,2022,USD, $50.21 ,0,453,22, $110.84 ," $3,000.00 ",In Progress," $15,348.00 ",233,,,,,,,,,,,
Google,L1122_TTG_MY_SE_AO-GrandhillTwinPines_BRA-PRO,04-11-2022,2022,USD," $1,114.41 ",2,1901,118, $586.22 ," $1,500.00 ",Completed," $19,475.00 ",234,,,,,,,,,,,
Google,L1122_TTG_MY_SE_AO-GrandhillTwinPines_GEN-LOC,02-12-2022,2022,USD, $191.28 ,0,1499,93, $127.61 ," $3,000.00 ",In Progress," $12,292.00 ",236,,,,,,,,,,,
Google,L1122_TTG_MY_SE_AO-GrandhillTwinPines_GEN-LOC,03-12-2022,2022,USD, $566.02 ,0,3661,213, $154.61 ," $3,000.00 ",In Progress," $6,115.00 ",237,,,,,,,,,,,
Google,L1122_TTG_MY_SE_AO-GrandhillTwinPines_GEN-LOC,04-12-2022,2022,USD, $530.61 ,0,4284,168, $123.86 ," $3,000.00 ",In Progress," $2,721.00 ",238,,,,,,,,,,,
Google,L1122_TTG_MY_SE_AO-GrandhillTwinPines_GEN-LOC,05-12-2022,2022,USD, $75.20 ,0,689,36, $109.14 ," $3,000.00 ",In Progress," $8,696.00 ",239,,,,,,,,,,,
Google,L1122_TTG_MY_SE_AO-GrandhillTwinPines_BRA-PRO,06-12-2022,2022,USD, $43.61 ,0,96,8, $454.27 ," $1,500.00 ",Completed," $12,664.00 ",240,,,,,,,,,,,
Google,L1122_TTG_MY_SE_AO-GrandhillTwinPines_BRA-PRO,07-12-2022,2022,USD, $306.78 ,1,634,48, $483.88 ," $1,500.00 ",Completed," $3,070.00 ",241,,,,,,,,,,,
Google,L1122_TTG_MY_SE_AO-GrandhillTwinPines_BRA-PRO,08-12-2022,2022,USD, $317.20 ,0,998,41, $317.84 ," $1,500.00 ",Completed," $16,154.00 ",242,,,,,,,,,,,
Google,L1122_TTG_MY_SE_AO-GrandhillTwinPines_GEN-LOC,09-12-2022,2022,USD, $12.06 ,0,62,8, $194.52 ," $3,000.00 ",In Progress," $9,571.00 ",243,,,,,,,,,,,
Facebook,L1022_TAA_MY_FB_AO-Aman1_LeadAds_20221025,10-12-2022,2022,USD, $0.05 ,3,599,184,," $16,500.00 ",In Progress," $9,185.00 ",244,,,,,,,,,,,
Facebook,L1022_TAA_MY_FB_AO-Aman1_LeadAds_20221025,11-12-2022,2022,USD, $0.26 ,5,1820,55,," $16,500.00 ",In Progress, $38.00 ,245,,,,,,,,,,,
Facebook,L1022_TAA_MY_FB_AO-Aman1_LeadAds_20221025,12-12-2022,2022,USD, $0.02 ,8,1516,185,," $16,500.00 ",In Progress," $1,528.00 ",246,,,,,,,,,,,
Facebook,L1022_TAA_MY_FB_AO-Aman1_LeadAds_20221025,13-12-2022,2022,USD, $0.09 ,0,352,49,," $16,500.00 ",In Progress," $5,052.00 ",247,,,,,,,,,,,
Facebook,L1022_TAA_MY_FB_AO-Aman1_LeadAds_20221025,14-12-2022,2022,USD, $0.92 ,0,1357,105,," $16,500.00 ",In Progress," $6,808.00 ",248,,,,,,,,,,,
Facebook,L1022_TAA_MY_FB_AO-Aman1_LeadAds_20221025,15-12-2022,2022,USD, $92.08 ,2,2260,187,," $16,500.00 ",In Progress," $11,768.00 ",249,,,,,,,,,,,
Facebook,L1022_TAA_MY_FB_AO-Aman1_LeadAds_20221025,16-12-2022,2022,USD, $122.69 ,3,2615,6,," $16,500.00 ",In Progress," $8,142.00 ",250,,,,,,,,,,,
Facebook,L1022_TAA_MY_FB_AO-Aman1_LeadAds_20221025,17-12-2022,2022,USD, $49.03 ,1,902,31,," $16,500.00 ",In Progress," $9,808.00 ",251,,,,,,,,,,,
Facebook,L1022_TAA_MY_FB_AO-Aman1_LeadAds_20221025,18-12-2022,2022,USD, $212.92 ,5,1075,15,," $16,500.00 ",In Progress," $10,697.00 ",252,,,,,,,,,,,
Facebook,L1022_TAA_MY_FB_AO-Aman1_LeadAds_20221025,19-12-2022,2022,USD," $1,140.41 ",32,1288,180,," $16,500.00 ",In Progress," $6,212.00 ",253,,,,,,,,,,,
Facebook,L1022_TAA_MY_FB_AO-Aman1_LeadAds_20221025,20-12-2022,2022,USD," $1,461.58 ",26,397,191,," $16,500.00 ",In Progress," $18,838.00 ",254,,,,,,,,,,,
Facebook,L1022_TAA_MY_FB_AO-Aman1_LeadAds_20221025,21-12-2022,2022,USD, $413.59 ,8,2884,170,," $16,500.00 ",In Progress," $11,875.00 ",255,,,,,,,,,,,
Facebook,L1022_TAA_MY_FB_AO-Aman1_LeadAds_20221025,22-12-2022,2022,USD, $0.81 ,4,1725,191,," $16,500.00 ",In Progress," $14,370.00 ",256,,,,,,,,,,,
Facebook,L1022_TAA_MY_FB_AO-Aman1_LeadAds_20221025,23-12-2022,2022,USD, $5.55 ,3,2192,155,," $16,500.00 ",In Progress," $13,053.00 ",257,,,,,,,,,,,
Facebook,L1022_TAA_MY_FB_AO-Aman1_LeadAds_20221025,24-12-2022,2022,USD, $39.81 ,2,1471,170,," $16,500.00 ",In Progress," $12,272.00 ",258,,,,,,,,,,,
Facebook,L1022_TAA_MY_FB_AO-Aman1_LeadAds_20221025,25-12-2022,2022,USD, $66.45 ,1,1209,151,," $16,500.00 ",In Progress," $16,689.00 ",259,,,,,,,,,,,
Facebook,L1022_TAA_MY_FB_AO-Aman1_LeadAds_20221025,26-12-2022,2022,USD, $7.40 ,2,1898,37,," $16,500.00 ",In Progress," $12,344.00 ",260,,,,,,,,,,,
Facebook,L1022_TAA_MY_FB_AO-Aman1_LeadAds_20221025,27-12-2022,2022,USD, $47.95 ,1,632,97,," $16,500.00 ",In Progress," $12,802.00 ",261,,,,,,,,,,,
Facebook,L1022_TAA_MY_FB_AO-Aman1_LeadAds_20221025,28-12-2022,2022,USD, $74.78 ,2,1778,182,," $16,500.00 ",In Progress," $4,295.00 ",262,,,,,,,,,,,
Facebook,L1022_TAA_MY_FB_AO-Aman1_LeadAds_20221025,29-12-2022,2022,USD, $501.23 ,10,600,22,," $16,500.00 ",In Progress," $14,430.00 ",263,,,,,,,,,,,
Facebook,L1022_TAA_MY_FB_AO-Aman1_LeadAds_20221025,30-12-2022,2022,USD, $123.71 ,4,2627,47,," $16,500.00 ",In Progress," $6,581.00 ",264,,,,,,,,,,,
Facebook,L1022_TAA_MY_FB_AO-Aman1_LeadAds_20221025,31-12-2022,2022,USD, $454.15 ,6,952,2,," $16,500.00 ",In Progress," $5,560.00 ",265,,,,,,,,,,,
Facebook,L1022_TAA_MY_FB_AO-Aman1_LeadAds_20221025,01-12-2022,2022,USD, $56.51 ,2,1554,57,," $16,500.00 ",In Progress," $14,815.00 ",235,,,,,,,,,,,
Facebook,L1022_TAA_MY_FB_AO-Aman1_LeadAds_20221025,02-12-2022,2022,USD, $317.40 ,4,2278,44,," $16,500.00 ",In Progress," $15,394.00 ",236,,,,,,,,,,,
Facebook,L1022_TAA_MY_FB_AO-Aman1_LeadAds_20221025,03-12-2022,2022,USD, $196.89 ,1,482,60,," $16,500.00 ",In Progress," $14,404.00 ",237,,,,,,,,,,,
Facebook,L1022_TAA_MY_FB_AO-Aman1_LeadAds_20221025,04-12-2022,2022,USD," $2,891.46 ",46,2302,135,," $16,500.00 ",In Progress," $8,139.00 ",238,,,,,,,,,,,
Facebook,L1022_TAA_MY_FB_AO-Aman1_LeadAds_20221025,05-12-2022,2022,USD, $155.90 ,0,2025,67,," $16,500.00 ",In Progress," $8,523.00 ",239,,,,,,,,,,,
Facebook,L1022_TAA_MY_FB_AO-Aman1_LeadAds_20221025,06-12-2022,2022,USD, $99.42 ,2,343,10,," $16,500.00 ",In Progress," $18,057.00 ",240,,,,,,,,,,,
Facebook,L1022_TAA_MY_FB_AO-Aman1_LeadAds_20221025,07-12-2022,2022,USD, $14.30 ,6,526,35,," $16,500.00 ",In Progress," $14,302.00 ",241,,,,,,,,,,,
Facebook,L1022_TAA_MY_FB_AO-Aman1_LeadAds_20221025,08-12-2022,2022,USD, $87.56 ,5,463,23,," $16,500.00 ",In Progress," $2,006.00 ",242,,,,,,,,,,,
Facebook,L1022_TAA_MY_FB_AO-Aman1_LeadAds_20221025,09-12-2022,2022,USD, $95.63 ,1,1467,60,," $16,500.00 ",In Progress," $5,783.00 ",243,,,,,,,,,,,
Facebook,L1022_TAA_MY_FB_AO-Aman1_LeadAds_20221025,10-12-2022,2022,USD, $369.47 ,4,704,16,," $16,500.00 ",In Progress," $8,677.00 ",244,,,,,,,,,,,
Facebook,L1022_TAA_MY_FB_AO-Aman1_LeadAds_20221025,01-10-2022,2022,USD, $53.56 ,1,73,152,," $16,500.00 ",In Progress," $8,597.00 ",213,,,,,,,,,,,
Facebook,L1022_TAA_MY_FB_AO-Aman1_LeadAds_20221025,02-10-2022,2022,USD, $68.14 ,8,1777,200,," $16,500.00 ",In Progress," $18,147.00 ",214,,,,,,,,,,,
Facebook,L1022_TAA_MY_FB_AO-Aman1_LeadAds_20221025,03-10-2022,2022,USD, $14.10 ,6,368,191,," $16,500.00 ",In Progress," $17,172.00 ",215,,,,,,,,,,,
Facebook,L1022_TAA_MY_FB_AO-Aman1_LeadAds_20221025,04-10-2022,2022,USD, $89.82 ,1,198,173,," $16,500.00 ",In Progress," $5,231.00 ",216,,,,,,,,,,,
Facebook,L1022_TAA_MY_FB_AO-Aman1_LeadAds_20221025,05-10-2022,2022,USD, $42.44 ,5,1570,28,," $16,500.00 ",In Progress," $14,826.00 ",217,,,,,,,,,,,
Facebook,L1022_TAA_MY_FB_AO-Aman1_LeadAds_20221025,06-10-2022,2022,USD, $456.44 ,2,1794,103,," $16,500.00 ",In Progress," $13,832.00 ",218,,,,,,,,,,,
Facebook,L1022_TAA_MY_FB_AO-Aman1_LeadAds_20221025,07-10-2022,2022,USD, $368.16 ,3,656,54,," $16,500.00 ",In Progress," $16,844.00 ",219,,,,,,,,,,,
Facebook,L1022_TAA_MY_FB_AO-Aman1_LeadAds_20221025,08-10-2022,2022,USD, $345.89 ,2,2747,107,," $16,500.00 ",In Progress," $7,967.00 ",220,,,,,,,,,,,
Facebook,L1022_TAA_MY_FB_AO-Aman1_LeadAds_20221025,09-10-2022,2022,USD, $108.62 ,2,2766,171,," $16,500.00 ",In Progress," $14,613.00 ",221,,,,,,,,,,,
Facebook,L1022_TAA_MY_FB_AO-Aman1_LeadAds_20221025,10-10-2022,2022,USD, $397.95 ,5,1405,14,," $16,500.00 ",In Progress," $11,722.00 ",222,,,,,,,,,,,
Facebook,L1022_TAA_MY_FB_AO-Aman1_LeadAds_20221025,11-10-2022,2022,USD, $358.14 ,4,2339,67,," $16,500.00 ",In Progress," $14,889.00 ",223,,,,,,,,,,,
Facebook,L1022_TAA_MY_FB_AO-Aman1_LeadAds_20221025,12-10-2022,2022,USD," $2,238.33 ",19,650,153,," $16,500.00 ",In Progress," $5,800.00 ",224,,,,,,,,,,,
Facebook,L1022_TAA_MY_FB_AO-Aman1_LeadAds_20221025,13-10-2022,2022,USD, $40.68 ,5,1016,3,," $16,500.00 ",In Progress," $16,361.00 ",225,,,,,,,,,,,
Facebook,L1022_TAA_MY_FB_AO-Aman1_LeadAds_20221025,14-10-2022,2022,USD, $53.48 ,1,2291,59,," $16,500.00 ",In Progress," $14,900.00 ",226,,,,,,,,,,,
Facebook,L1022_TAA_MY_FB_AO-Aman1_LeadAds_20221025,15-10-2022,2022,USD, $7.76 ,1,447,133,," $16,500.00 ",In Progress," $8,551.00 ",227,,,,,,,,,,,
Facebook,L1022_TAA_MY_FB_AO-Aman1_LeadAds_20221025,16-10-2022,2022,USD, $33.81 ,2,2142,114,," $16,500.00 ",In Progress," $18,727.00 ",228,,,,,,,,,,,
Facebook,L1022_TAA_MY_FB_AO-Aman1_LeadAds_20221025,17-10-2022,2022,USD, $55.13 ,3,844,27,," $16,500.00 ",In Progress," $7,167.00 ",229,,,,,,,,,,,
Facebook,L1022_TAA_MY_FB_AO-Aman1_LeadAds_20221025,18-10-2022,2022,USD, $167.53 ,2,103,92,," $16,500.00 ",In Progress," $19,805.00 ",230,,,,,,,,,,,
Facebook,L0121_TCN_MY_FB_AO-Cenang_LeadAds_20210119,01-07-2022,2022,USD, $177.63 ,6,576,175,," $60,000.00 ",Completed," $3,132.00 ",182,,,,,,,,,,,
Facebook,L0121_TCN_MY_FB_AO-Cenang_LeadAds_20210119,02-07-2022,2022,USD, $47.83 ,1,1115,43,," $60,000.00 ",Completed," $17,391.00 ",183,,,,,,,,,,,
Facebook,L0121_TCN_MY_FB_AO-Cenang_LeadAds_20210119,03-07-2022,2022,USD," $3,239.33 ",78,1696,199,," $60,000.00 ",Completed," $15,068.00 ",184,,,,,,,,,,,
Facebook,L0121_TCN_MY_FB_AO-Cenang_LeadAds_20210119,04-07-2022,2022,USD, $24.77 ,4,2349,163,," $60,000.00 ",Completed," $14,386.00 ",185,,,,,,,,,,,
Facebook,L0121_TCN_MY_FB_AO-Cenang_LeadAds_20210119,05-07-2022,2022,USD, $504.91 ,15,1399,143,," $60,000.00 ",Completed," $1,873.00 ",186,,,,,,,,,,,
Facebook,L0121_TCN_MY_FB_AO-Cenang_LeadAds_20210119,06-07-2022,2022,USD, $29.91 ,2,210,170,," $60,000.00 ",Completed," $11,551.00 ",187,,,,,,,,,,,
Facebook,L0121_TCN_MY_FB_AO-Cenang_LeadAds_20210119,07-07-2022,2022,USD, $33.59 ,1,194,197,," $60,000.00 ",Completed," $19,433.00 ",188,,,,,,,,,,,
Facebook,L0121_TCN_MY_FB_AO-Cenang_LeadAds_20210119,08-07-2022,2022,USD, $18.41 ,1,1855,148,," $60,000.00 ",Completed," $17,746.00 ",189,,,,,,,,,,,
Facebook,L0121_TCN_MY_FB_AO-Cenang_LeadAds_20210119,09-07-2022,2022,USD," $4,213.49 ",93,1486,37,," $60,000.00 ",Completed," $2,854.00 ",190,,,,,,,,,,,
Facebook,L0121_TCN_MY_FB_AO-Cenang_LeadAds_20210119,10-07-2022,2022,USD, $16.32 ,1,736,134,," $60,000.00 ",Completed," $19,860.00 ",191,,,,,,,,,,,
Facebook,L0121_TCN_MY_FB_AO-Cenang_LeadAds_20210119,11-07-2022,2022,USD, $57.42 ,2,2532,29,," $60,000.00 ",Completed," $13,014.00 ",192,,,,,,,,,,,
Facebook,L0121_TCN_MY_FB_AO-Cenang_LeadAds_20210119,12-07-2022,2022,USD, $24.14 ,1,2228,95,," $60,000.00 ",Completed," $16,479.00 ",193,,,,,,,,,,,
Facebook,L0121_TCN_MY_FB_AO-Cenang_LeadAds_20210119,13-07-2022,2022,USD, $86.76 ,3,855,151,," $60,000.00 ",Completed, $323.00 ,194,,,,,,,,,,,
Facebook,L0121_TCN_MY_FB_AO-Cenang_LeadAds_20210119,14-07-2022,2022,USD, $595.90 ,18,1221,60,," $60,000.00 ",Completed," $1,406.00 ",195,,,,,,,,,,,
Facebook,L0121_TCN_MY_FB_AO-Cenang_LeadAds_20210119,15-07-2022,2022,USD, $64.25 ,5,2423,178,," $60,000.00 ",Completed," $4,825.00 ",196,,,,,,,,,,,
Facebook,L0121_TCN_MY_FB_AO-Cenang_LeadAds_20210119,16-07-2022,2022,USD,,1,1118,0,," $60,000.00 ",Completed," $10,109.00 ",197,,,,,,,,,,,
Facebook,L0121_TCN_MY_FB_AO-Cenang_LeadAds_20210119,17-07-2022,2022,USD, $0.45 ,6,240,51,," $60,000.00 ",Completed," $9,710.00 ",198,,,,,,,,,,,
Facebook,L0121_TCN_MY_FB_AO-Cenang_LeadAds_20210119,18-07-2022,2022,USD, $0.62 ,3,2596,45,," $60,000.00 ",Completed," $16,092.00 ",199,,,,,,,,,,,
Facebook,L0322_TUL_MY_FB_AO-Uplands_LeadAds_20220331,19-07-2022,2022,USD, $3.37 ,12,2769,173,," $35,000.00 ",Completed," $1,424.00 ",200,,,,,,,,,,,
Facebook,L0322_TUL_MY_FB_AO-Uplands_LeadAds_20220331,20-07-2022,2022,USD, $19.62 ,6,105,39,," $35,000.00 ",Completed," $3,454.00 ",201,,,,,,,,,,,
Facebook,L0322_TUL_MY_FB_AO-Uplands_LeadAds_20220331,21-07-2022,2022,USD, $0.58 ,14,1878,141,," $35,000.00 ",Completed," $9,785.00 ",202,,,,,,,,,,,
Facebook,L0322_TUL_MY_FB_AO-Uplands_LeadAds_20220331,22-07-2022,2022,USD, $84.93 ,8,2981,158,," $35,000.00 ",Completed," $12,899.00 ",203,,,,,,,,,,,
Facebook,L0322_TUL_MY_FB_AO-Uplands_LeadAds_20220331,23-07-2022,2022,USD, $1.28 ,1,2485,168,," $35,000.00 ",Completed," $19,911.00 ",204,,,,,,,,,,,
Facebook,L0322_TUL_MY_FB_AO-Uplands_LeadAds_20220331,24-07-2022,2022,USD, $76.04 ,3,2391,97,," $35,000.00 ",Completed," $12,311.00 ",205,,,,,,,,,,,
Facebook,L0322_TUL_MY_FB_AO-Uplands_LeadAds_20220331,25-07-2022,2022,USD, $0.57 ,0,1790,146,," $35,000.00 ",Completed," $15,957.00 ",206,,,,,,,,,,,
Facebook,L0322_TUL_MY_FB_AO-Uplands_LeadAds_20220331,26-07-2022,2022,USD, $28.97 ,3,1504,98,," $35,000.00 ",Completed," $17,878.00 ",207,,,,,,,,,,,
Facebook,L0322_TUL_MY_FB_AO-Uplands_LeadAds_20220331,27-07-2022,2022,USD, $3.29 ,1,2778,54,," $35,000.00 ",Completed," $2,764.00 ",208,,,,,,,,,,,
Facebook,L0322_TUL_MY_FB_AO-Uplands_LeadAds_20220331,28-07-2022,2022,USD, $28.68 ,1,2717,92,," $35,000.00 ",Completed," $8,043.00 ",209,,,,,,,,,,,
Facebook,L0322_TUL_MY_FB_AO-Uplands_LeadAds_20220331,29-07-2022,2022,USD, $5.50 ,2,432,153,," $35,000.00 ",Completed," $4,643.00 ",210,,,,,,,,,,,
Facebook,L0322_TUL_MY_FB_AO-Uplands_LeadAds_20220331,30-07-2022,2022,USD, $69.90 ,4,1804,154,," $35,000.00 ",Completed, $978.00 ,211,,,,,,,,,,,
Facebook,L0322_TUL_MY_FB_AO-Uplands_LeadAds_20220331,31-07-2022,2022,USD, $6.47 ,0,600,193,," $35,000.00 ",Completed," $3,498.00 ",212,,,,,,,,,,,
Facebook,L0322_TUL_MY_FB_AO-Uplands_LeadAds_20220331,01-07-2022,2022,USD, $30.39 ,2,1412,56,," $35,000.00 ",Completed," $1,600.00 ",182,,,,,,,,,,,
Facebook,L0322_TUL_MY_FB_AO-Uplands_LeadAds_20220331,02-07-2022,2022,USD, $5.48 ,1,1495,53,," $35,000.00 ",Completed," $9,645.00 ",183,,,,,,,,,,,
Facebook,L0322_TUL_MY_FB_AO-Uplands_LeadAds_20220331,03-07-2022,2022,USD, $68.11 ,3,345,96,," $35,000.00 ",Completed," $8,873.00 ",184,,,,,,,,,,,
Facebook,L0121_TCN_MY_FB_AO-Cenang_LeadAds_20210119,01-06-2022,2022,USD, $229.93 ,7,135,79,," $60,000.00 ",Completed," $17,908.00 ",152,,,,,,,,,,,
Facebook,L0121_TCN_MY_FB_AO-Cenang_LeadAds_20210119,02-06-2022,2022,USD, $55.92 ,2,193,69,," $60,000.00 ",Completed," $4,377.00 ",153,,,,,,,,,,,
Facebook,L0121_TCN_MY_FB_AO-Cenang_LeadAds_20210119,03-06-2022,2022,USD, $36.95 ,1,2379,184,," $60,000.00 ",Completed," $11,956.00 ",154,,,,,,,,,,,
Facebook,L0121_TCN_MY_FB_AO-Cenang_LeadAds_20210119,04-06-2022,2022,USD, $487.33 ,23,773,91,," $60,000.00 ",Completed," $1,224.00 ",155,,,,,,,,,,,
Facebook,L0121_TCN_MY_FB_AO-Cenang_LeadAds_20210119,05-06-2022,2022,USD," $3,116.11 ",96,2318,194,," $60,000.00 ",Completed," $18,332.00 ",156,,,,,,,,,,,
Facebook,L0121_TCN_MY_FB_AO-Cenang_LeadAds_20210119,06-06-2022,2022,USD, $39.27 ,1,1894,181,," $60,000.00 ",Completed," $4,970.00 ",157,,,,,,,,,,,
Facebook,L0121_TCN_MY_FB_AO-Cenang_LeadAds_20210119,07-06-2022,2022,USD, $128.09 ,5,1867,114,," $60,000.00 ",Completed," $12,585.00 ",158,,,,,,,,,,,
Facebook,L0121_TCN_MY_FB_AO-Cenang_LeadAds_20210119,08-06-2022,2022,USD, $19.73 ,2,1524,89,," $60,000.00 ",Completed," $18,609.00 ",159,,,,,,,,,,,
Facebook,L0121_TCN_MY_FB_AO-Cenang_LeadAds_20210119,09-06-2022,2022,USD, $97.18 ,3,1943,94,," $60,000.00 ",Completed," $9,680.00 ",160,,,,,,,,,,,
Facebook,L0121_TCN_MY_FB_AO-Cenang_LeadAds_20210119,10-06-2022,2022,USD, $300.69 ,11,1646,172,," $60,000.00 ",Completed," $17,599.00 ",161,,,,,,,,,,,
Facebook,L0121_TCN_MY_FB_AO-Cenang_LeadAds_20210119,11-06-2022,2022,USD," $1,421.01 ",40,354,103,," $60,000.00 ",Completed," $12,482.00 ",162,,,,,,,,,,,
Facebook,L0121_TCN_MY_FB_AO-Cenang_LeadAds_20210119,12-06-2022,2022,USD, $34.24 ,1,942,80,," $60,000.00 ",Completed," $11,973.00 ",163,,,,,,,,,,,
Facebook,L0121_TCN_MY_FB_AO-Cenang_LeadAds_20210119,13-06-2022,2022,USD, $419.31 ,8,1613,150,," $60,000.00 ",Completed," $18,209.00 ",164,,,,,,,,,,,
Facebook,L0121_TCN_MY_FB_AO-Cenang_LeadAds_20210119,14-06-2022,2022,USD, $103.71 ,1,2920,134,," $60,000.00 ",Completed," $9,474.00 ",165,,,,,,,,,,,
Facebook,L0121_TCN_MY_FB_AO-Cenang_LeadAds_20210119,15-06-2022,2022,USD, $163.80 ,8,2969,0,," $60,000.00 ",Completed," $15,602.00 ",166,,,,,,,,,,,
Facebook,L0121_TCN_MY_FB_AO-Cenang_LeadAds_20210119,16-06-2022,2022,USD, $953.18 ,28,625,86,," $60,000.00 ",Completed," $9,790.00 ",167,,,,,,,,,,,
Facebook,L0121_TCN_MY_FB_AO-Cenang_LeadAds_20210119,17-06-2022,2022,USD, $226.62 ,5,1142,98,," $60,000.00 ",Completed," $10,986.00 ",168,,,,,,,,,,,
Facebook,L0121_TCN_MY_FB_AO-Cenang_LeadAds_20210119,18-06-2022,2022,USD, $310.95 ,6,1873,171,," $60,000.00 ",Completed," $1,963.00 ",169,,,,,,,,,,,
Facebook,L0121_TCN_MY_FB_AO-Cenang_LeadAds_20210119,19-06-2022,2022,USD, $22.79 ,3,426,175,," $60,000.00 ",Completed," $17,197.00 ",170,,,,,,,,,,,
Facebook,L0121_TCN_MY_FB_AO-Cenang_LeadAds_20210119,20-06-2022,2022,USD, $39.16 ,1,211,117,," $60,000.00 ",Completed, $397.00 ,171,,,,,,,,,,,
Facebook,L0121_TCN_MY_FB_AO-Cenang_LeadAds_20210119,21-06-2022,2022,USD, $736.39 ,11,337,145,," $60,000.00 ",Completed," $8,565.00 ",172,,,,,,,,,,,
Facebook,L0121_TCN_MY_FB_AO-Cenang_LeadAds_20210119,22-06-2022,2022,USD, $37.45 ,1,2384,48,," $60,000.00 ",Completed," $8,303.00 ",173,,,,,,,,,,,
Facebook,L0121_TCN_MY_FB_AO-Cenang_LeadAds_20210119,23-06-2022,2022,USD, $288.01 ,5,519,69,," $60,000.00 ",Completed," $12,269.00 ",174,,,,,,,,,,,
Facebook,L0121_TCN_MY_FB_AO-Cenang_LeadAds_20210119,24-06-2022,2022,USD, $274.76 ,2,2315,160,," $60,000.00 ",Completed," $19,766.00 ",175,,,,,,,,,,,
Facebook,L0121_TCN_MY_FB_AO-Cenang_LeadAds_20210119,25-06-2022,2022,USD, $197.56 ,4,1842,135,," $60,000.00 ",Completed," $8,538.00 ",176,,,,,,,,,,,
Facebook,L0121_TCN_MY_FB_AO-Cenang_LeadAds_20210119,26-06-2022,2022,USD, $109.52 ,4,262,122,," $60,000.00 ",Completed," $3,982.00 ",177,,,,,,,,,,,
Facebook,L0121_TCN_MY_FB_AO-Cenang_LeadAds_20210119,27-06-2022,2022,USD, $309.61 ,6,375,154,," $60,000.00 ",Completed," $15,310.00 ",178,,,,,,,,,,,
Facebook,L0322_TUL_MY_FB_AO-Uplands_LeadAds_20220331,28-06-2022,2022,USD, $77.83 ,5,2794,39,," $35,000.00 ",Completed," $2,967.00 ",179,,,,,,,,,,,
Facebook,L0322_TUL_MY_FB_AO-Uplands_LeadAds_20220331,29-06-2022,2022,USD," $1,246.67 ",123,2621,129,," $35,000.00 ",Completed," $4,040.00 ",180,,,,,,,,,,,
Facebook,L0322_TUL_MY_FB_AO-Uplands_LeadAds_20220331,30-06-2022,2022,USD, $0.43 ,4,2539,17,," $35,000.00 ",Completed," $17,992.00 ",181,,,,,,,,,,,
Facebook,L0322_TUL_MY_FB_AO-Uplands_LeadAds_20220331,01-06-2022,2022,USD, $608.60 ,56,2074,97,," $35,000.00 ",Completed," $19,158.00 ",152,,,,,,,,,,,
Facebook,L0322_TUL_MY_FB_AO-Uplands_LeadAds_20220331,02-06-2022,2022,USD, $11.27 ,1,1070,7,," $35,000.00 ",Completed," $19,799.00 ",153,,,,,,,,,,,
Facebook,L0322_TUL_MY_FB_AO-Uplands_LeadAds_20220331,03-06-2022,2022,USD, $181.20 ,9,400,37,," $35,000.00 ",Completed, $553.00 ,154,,,,,,,,,,,
Facebook,L0322_TUL_MY_FB_AO-Uplands_LeadAds_20220331,04-06-2022,2022,USD,,0,543,142,," $35,000.00 ",Completed," $17,601.00 ",155,,,,,,,,,,,
Facebook,L0322_TUL_MY_FB_AO-Uplands_LeadAds_20220331,05-06-2022,2022,USD, $92.58 ,5,2563,55,," $35,000.00 ",Completed," $15,444.00 ",156,,,,,,,,,,,
Facebook,L0322_TUL_MY_FB_AO-Uplands_LeadAds_20220331,06-06-2022,2022,USD, $40.63 ,3,2026,144,," $35,000.00 ",Completed," $14,299.00 ",157,,,,,,,,,,,
Facebook,L0322_TUL_MY_FB_AO-Uplands_LeadAds_20220331,07-06-2022,2022,USD, $29.38 ,1,939,87,," $35,000.00 ",Completed," $7,208.00 ",158,,,,,,,,,,,
Facebook,L0322_TUL_MY_FB_AO-Uplands_LeadAds_20220331,08-06-2022,2022,USD, $3.14 ,1,1849,181,," $35,000.00 ",Completed," $13,102.00 ",159,,,,,,,,,,,
Facebook,L0322_TUL_MY_FB_AO-Uplands_LeadAds_20220331,09-06-2022,2022,USD, $208.31 ,7,2965,115,," $35,000.00 ",Completed," $3,058.00 ",160,,,,,,,,,,,
Facebook,L0322_TUL_MY_FB_AO-Uplands_LeadAds_20220331,10-06-2022,2022,USD, $58.97 ,5,1951,194,," $35,000.00 ",Completed," $8,508.00 ",161,,,,,,,,,,,
Facebook,L0322_TUL_MY_FB_AO-Uplands_LeadAds_20220331,11-06-2022,2022,USD, $42.54 ,2,827,112,," $35,000.00 ",Completed," $11,137.00 ",162,,,,,,,,,,,
Facebook,L0322_TUL_MY_FB_AO-Uplands_LeadAds_20220331,12-06-2022,2022,USD, $20.65 ,0,1935,187,," $35,000.00 ",Completed, $686.00 ,163,,,,,,,,,,,
Facebook,L0322_TUL_MY_FB_AO-Uplands_LeadAds_20220331,13-06-2022,2022,USD, $156.51 ,7,746,142,," $35,000.00 ",Completed," $7,524.00 ",164,,,,,,,,,,,
Facebook,L0322_TUL_MY_FB_AO-Uplands_LeadAds_20220331,14-06-2022,2022,USD, $149.20 ,6,57,25,," $35,000.00 ",Completed," $4,879.00 ",165,,,,,,,,,,,
Facebook,L0322_TUL_MY_FB_AO-Uplands_LeadAds_20220331,15-06-2022,2022,USD, $902.92 ,36,745,169,," $35,000.00 ",Completed," $2,845.00 ",166,,,,,,,,,,,
Facebook,L0322_TUL_MY_FB_AO-Uplands_LeadAds_20220331,16-06-2022,2022,USD, $0.34 ,2,1896,113,," $35,000.00 ",Completed," $1,447.00 ",167,,,,,,,,,,,
Facebook,L0322_TUL_MY_FB_AO-Uplands_LeadAds_20220331,17-06-2022,2022,USD, $596.22 ,26,1905,51,," $35,000.00 ",Completed," $8,116.00 ",168,,,,,,,,,,,
Facebook,L0121_TAA_MY_FB_AO-Aman1_LeadAds_20210106,01-05-2022,2022,USD," $2,336.18 ",29,1394,194,," $26,500.00 ",Completed, $660.00 ,121,,,,,,,,,,,
Facebook,L0121_TAA_MY_FB_AO-Aman1_LeadAds_20210106,02-05-2022,2022,USD, $1.15 ,1,1827,58,," $26,500.00 ",Completed," $3,005.00 ",122,,,,,,,,,,,
Facebook,L0121_TAA_MY_FB_AO-Aman1_LeadAds_20210106,03-05-2022,2022,USD, $99.82 ,2,1002,125,," $26,500.00 ",Completed," $4,674.00 ",123,,,,,,,,,,,
Facebook,L0121_TAA_MY_FB_AO-Aman1_LeadAds_20210106,04-05-2022,2022,USD," $2,278.07 ",33,41,163,," $26,500.00 ",Completed," $2,368.00 ",124,,,,,,,,,,,
Facebook,L0121_TCN_MY_FB_AO-Cenang_LeadAds_20210119,05-05-2022,2022,USD, $0.46 ,12,26,36,," $60,000.00 ",Completed," $4,529.00 ",125,,,,,,,,,,,
Facebook,L0121_TCN_MY_FB_AO-Cenang_LeadAds_20210119,06-05-2022,2022,USD, $8.42 ,1,1352,144,," $60,000.00 ",Completed," $15,570.00 ",126,,,,,,,,,,,
Facebook,L0121_TCN_MY_FB_AO-Cenang_LeadAds_20210119,07-05-2022,2022,USD, $6.41 ,14,1939,110,," $60,000.00 ",Completed," $10,046.00 ",127,,,,,,,,,,,
Facebook,L0121_TCN_MY_FB_AO-Cenang_LeadAds_20210119,08-05-2022,2022,USD, $14.86 ,16,88,71,," $60,000.00 ",Completed," $6,732.00 ",128,,,,,,,,,,,
Facebook,L0121_TCN_MY_FB_AO-Cenang_LeadAds_20210119,09-05-2022,2022,USD, $93.17 ,1,2514,177,," $60,000.00 ",Completed," $4,618.00 ",129,,,,,,,,,,,
Facebook,L0121_TCN_MY_FB_AO-Cenang_LeadAds_20210119,10-05-2022,2022,USD, $0.18 ,8,2466,135,," $60,000.00 ",Completed, $473.00 ,130,,,,,,,,,,,
Facebook,L0121_TCN_MY_FB_AO-Cenang_LeadAds_20210119,11-05-2022,2022,USD, $5.81 ,1,2977,78,," $60,000.00 ",Completed," $14,779.00 ",131,,,,,,,,,,,
Facebook,L0121_TCN_MY_FB_AO-Cenang_LeadAds_20210119,12-05-2022,2022,USD, $24.62 ,2,235,51,," $60,000.00 ",Completed," $16,583.00 ",132,,,,,,,,,,,
Facebook,L0121_TCN_MY_FB_AO-Cenang_LeadAds_20210119,13-05-2022,2022,USD, $3.90 ,10,2834,50,," $60,000.00 ",Completed," $15,664.00 ",133,,,,,,,,,,,
Facebook,L0121_TCN_MY_FB_AO-Cenang_LeadAds_20210119,14-05-2022,2022,USD, $27.95 ,2,1067,21,," $60,000.00 ",Completed," $9,782.00 ",134,,,,,,,,,,,
Facebook,L0121_TCN_MY_FB_AO-Cenang_LeadAds_20210119,15-05-2022,2022,USD, $44.56 ,12,2387,181,," $60,000.00 ",Completed," $6,441.00 ",135,,,,,,,,,,,
Facebook,L0121_TCN_MY_FB_AO-Cenang_LeadAds_20210119,16-05-2022,2022,USD," $1,457.53 ",45,74,61,," $60,000.00 ",Completed," $17,884.00 ",136,,,,,,,,,,,
Facebook,L0121_TCN_MY_FB_AO-Cenang_LeadAds_20210119,17-05-2022,2022,USD, $0.14 ,11,2099,124,," $60,000.00 ",Completed," $11,445.00 ",137,,,,,,,,,,,
Facebook,L0121_TCN_MY_FB_AO-Cenang_LeadAds_20210119,18-05-2022,2022,USD, $0.71 ,10,2616,4,," $60,000.00 ",Completed," $14,117.00 ",138,,,,,,,,,,,
Facebook,L0121_TCN_MY_FB_AO-Cenang_LeadAds_20210119,19-05-2022,2022,USD, $5.92 ,1,2453,172,," $60,000.00 ",Completed," $17,805.00 ",139,,,,,,,,,,,
Facebook,L0121_TCN_MY_FB_AO-Cenang_LeadAds_20210119,20-05-2022,2022,USD, $131.35 ,2,1775,79,," $60,000.00 ",Completed," $1,775.00 ",140,,,,,,,,,,,
Facebook,L0121_TCN_MY_FB_AO-Cenang_LeadAds_20210119,21-05-2022,2022,USD, $7.07 ,1,334,183,," $60,000.00 ",Completed," $18,830.00 ",141,,,,,,,,,,,
Facebook,L0121_TCN_MY_FB_AO-Cenang_LeadAds_20210119,22-05-2022,2022,USD, $64.10 ,2,903,123,," $60,000.00 ",Completed," $8,698.00 ",142,,,,,,,,,,,
Facebook,L0121_TCN_MY_FB_AO-Cenang_LeadAds_20210119,23-05-2022,2022,USD, $44.14 ,2,2609,146,," $60,000.00 ",Completed," $9,339.00 ",143,,,,,,,,,,,
Facebook,L0121_TCN_MY_FB_AO-Cenang_LeadAds_20210119,24-05-2022,2022,USD, $76.58 ,5,2430,166,," $60,000.00 ",Completed, $812.00 ,144,,,,,,,,,,,
Facebook,L0121_TCN_MY_FB_AO-Cenang_LeadAds_20210119,25-05-2022,2022,USD, $105.49 ,4,2915,189,," $60,000.00 ",Completed," $18,081.00 ",145,,,,,,,,,,,
Facebook,L0121_TCN_MY_FB_AO-Cenang_LeadAds_20210119,26-05-2022,2022,USD," $3,812.81 ",120,1586,98,," $60,000.00 ",Completed," $15,420.00 ",146,,,,,,,,,,,
Facebook,L0121_TCN_MY_FB_AO-Cenang_LeadAds_20210119,27-05-2022,2022,USD, $34.40 ,1,2824,48,," $60,000.00 ",Completed," $15,077.00 ",147,,,,,,,,,,,
Facebook,L0121_TCN_MY_FB_AO-Cenang_LeadAds_20210119,28-05-2022,2022,USD, $6.86 ,3,1475,4,," $60,000.00 ",Completed," $13,557.00 ",148,,,,,,,,,,,
Facebook,L0121_TCN_MY_FB_AO-Cenang_LeadAds_20210119,29-05-2022,2022,USD, $24.69 ,1,115,102,," $60,000.00 ",Completed," $15,129.00 ",149,,,,,,,,,,,
Facebook,L0121_TCN_MY_FB_AO-Cenang_LeadAds_20210119,30-05-2022,2022,USD, $132.94 ,1,1664,127,," $60,000.00 ",Completed," $15,860.00 ",150,,,,,,,,,,,
Facebook,L0121_TCN_MY_FB_AO-Cenang_LeadAds_20210119,31-05-2022,2022,USD," $3,188.75 ",105,147,40,," $60,000.00 ",Completed," $18,293.00 ",151,,,,,,,,,,,
Facebook,L0121_TCN_MY_FB_AO-Cenang_LeadAds_20210119,01-05-2022,2022,USD, $0.72 ,4,2129,52,," $60,000.00 ",Completed, $999.00 ,121,,,,,,,,,,,
Facebook,L0121_TCN_MY_FB_AO-Cenang_LeadAds_20210119,02-05-2022,2022,USD, $1.09 ,5,95,129,," $60,000.00 ",Completed," $19,098.00 ",122,,,,,,,,,,,
Facebook,L0121_TCN_MY_FB_AO-Cenang_LeadAds_20210119,03-05-2022,2022,USD, $9.60 ,6,2417,198,," $60,000.00 ",Completed," $10,159.00 ",123,,,,,,,,,,,
Facebook,L0121_TCN_MY_FB_AO-Cenang_LeadAds_20210119,04-05-2022,2022,USD, $6.08 ,7,2681,135,," $60,000.00 ",Completed," $4,884.00 ",124,,,,,,,,,,,
Facebook,L0121_TCN_MY_FB_AO-Cenang_LeadAds_20210119,05-05-2022,2022,USD, $35.05 ,8,2746,108,," $60,000.00 ",Completed, $343.00 ,125,,,,,,,,,,,
Facebook,L0121_TCN_MY_FB_AO-Cenang_LeadAds_20210119,06-05-2022,2022,USD, $508.02 ,19,503,194,," $60,000.00 ",Completed," $11,221.00 ",126,,,,,,,,,,,
Facebook,L0121_TCN_MY_FB_AO-Cenang_LeadAds_20210119,07-05-2022,2022,USD, $8.95 ,9,2830,89,," $60,000.00 ",Completed," $16,392.00 ",127,,,,,,,,,,,
Facebook,L0121_TCN_MY_FB_AO-Cenang_LeadAds_20210119,08-05-2022,2022,USD, $4.40 ,10,2509,11,," $60,000.00 ",Completed," $1,378.00 ",128,,,,,,,,,,,
Facebook,L0121_TCN_MY_FB_AO-Cenang_LeadAds_20210119,09-05-2022,2022,USD, $104.14 ,3,1329,14,," $60,000.00 ",Completed, $183.00 ,129,,,,,,,,,,,
Facebook,L0121_TCN_MY_FB_AO-Cenang_LeadAds_20210119,10-05-2022,2022,USD, $335.67 ,5,2453,63,," $60,000.00 ",Completed," $16,248.00 ",130,,,,,,,,,,,
Facebook,L0121_TCN_MY_FB_AO-Cenang_LeadAds_20210119,11-05-2022,2022,USD, $2.07 ,11,2843,148,," $60,000.00 ",Completed," $12,619.00 ",131,,,,,,,,,,,
Facebook,L0322_TUL_MY_FB_AO-Uplands_LeadAds_20220331,12-05-2022,2022,USD, $302.55 ,15,252,117,," $35,000.00 ",Completed," $3,691.00 ",132,,,,,,,,,,,
Facebook,L0322_TUL_MY_FB_AO-Uplands_LeadAds_20220331,13-05-2022,2022,USD," $2,496.92 ",107,1226,115,," $35,000.00 ",Completed," $1,135.00 ",133,,,,,,,,,,,
Facebook,L0322_TUL_MY_FB_AO-Uplands_LeadAds_20220331,14-05-2022,2022,USD, $2.90 ,10,426,84,," $35,000.00 ",Completed," $17,737.00 ",134,,,,,,,,,,,
Facebook,L0322_TUL_MY_FB_AO-Uplands_LeadAds_20220331,15-05-2022,2022,USD," $1,992.21 ",87,769,78,," $35,000.00 ",Completed," $15,484.00 ",135,,,,,,,,,,,
Facebook,L0322_TUL_MY_FB_AO-Uplands_LeadAds_20220331,16-05-2022,2022,USD, $1.84 ,12,2933,157,," $35,000.00 ",Completed," $9,720.00 ",136,,,,,,,,,,,
Facebook,L0322_TUL_MY_FB_AO-Uplands_LeadAds_20220331,17-05-2022,2022,USD, $590.80 ,15,1718,79,," $35,000.00 ",Completed," $3,045.00 ",137,,,,,,,,,,,
Facebook,L0322_TUL_MY_FB_AO-Uplands_LeadAds_20220331,18-05-2022,2022,USD," $1,917.96 ",50,1337,107,," $35,000.00 ",Completed," $8,921.00 ",138,,,,,,,,,,,
Facebook,L0322_TUL_MY_FB_AO-Uplands_LeadAds_20220331,19-05-2022,2022,USD, $1.10 ,13,2141,184,," $35,000.00 ",Completed," $1,214.00 ",139,,,,,,,,,,,
Facebook,L0322_TUL_MY_FB_AO-Uplands_LeadAds_20220331,20-05-2022,2022,USD," $2,294.41 ",78,1921,74,," $35,000.00 ",Completed," $4,499.00 ",140,,,,,,,,,,,
Facebook,L0322_TUL_MY_FB_AO-Uplands_LeadAds_20220331,21-05-2022,2022,USD, $0.67 ,1,713,181,," $35,000.00 ",Completed," $6,842.00 ",141,,,,,,,,,,,
Facebook,L0121_TAA_MY_FB_AO-Aman1_LeadAds_20210106,01-04-2022,2022,USD, $878.95 ,12,156,16,," $26,500.00 ",Completed," $1,329.00 ",91,,,,,,,,,,,
Facebook,L0121_TAA_MY_FB_AO-Aman1_LeadAds_20210106,02-04-2022,2022,USD," $1,588.97 ",47,2061,56,," $26,500.00 ",Completed," $2,060.00 ",92,,,,,,,,,,,
Facebook,L0121_TAA_MY_FB_AO-Aman1_LeadAds_20210106,03-04-2022,2022,USD, $891.95 ,12,1705,15,," $26,500.00 ",Completed," $12,612.00 ",93,,,,,,,,,,,
Facebook,L0121_TAA_MY_FB_AO-Aman1_LeadAds_20210106,04-04-2022,2022,USD, $55.55 ,14,937,86,," $26,500.00 ",Completed," $13,522.00 ",94,,,,,,,,,,,
Facebook,L0121_TAA_MY_FB_AO-Aman1_LeadAds_20210106,05-04-2022,2022,USD," $2,787.47 ",56,1242,74,," $26,500.00 ",Completed," $18,186.00 ",95,,,,,,,,,,,
Facebook,L0121_TAA_MY_FB_AO-Aman1_LeadAds_20210106,06-04-2022,2022,USD," $1,954.22 ",23,403,197,," $26,500.00 ",Completed, $485.00 ,96,,,,,,,,,,,
Facebook,L0121_TAA_MY_FB_AO-Aman1_LeadAds_20210106,07-04-2022,2022,USD, $232.05 ,3,2459,109,," $26,500.00 ",Completed," $5,508.00 ",97,,,,,,,,,,,
Facebook,L0121_TCN_MY_FB_AO-Cenang_LeadAds_20210119,08-04-2022,2022,USD, $0.12 ,15,1061,74,," $60,000.00 ",Completed," $4,531.00 ",98,,,,,,,,,,,
Facebook,L0121_TCN_MY_FB_AO-Cenang_LeadAds_20210119,09-04-2022,2022,USD, $1.26 ,16,2276,146,," $60,000.00 ",Completed," $9,354.00 ",99,,,,,,,,,,,
Facebook,L0121_TCN_MY_FB_AO-Cenang_LeadAds_20210119,10-04-2022,2022,USD, $0.29 ,1,141,12,," $60,000.00 ",Completed," $19,720.00 ",100,,,,,,,,,,,
Facebook,L0121_TCN_MY_FB_AO-Cenang_LeadAds_20210119,11-04-2022,2022,USD, $4.66 ,2,2317,104,," $60,000.00 ",Completed, $695.00 ,101,,,,,,,,,,,
Facebook,L0121_TCN_MY_FB_AO-Cenang_LeadAds_20210119,12-04-2022,2022,USD, $16.74 ,1,1278,27,," $60,000.00 ",Completed," $18,312.00 ",102,,,,,,,,,,,
Facebook,L0121_TCN_MY_FB_AO-Cenang_LeadAds_20210119,13-04-2022,2022,USD, $121.69 ,1,1489,166,," $60,000.00 ",Completed," $19,060.00 ",103,,,,,,,,,,,
Facebook,L0121_TCN_MY_FB_AO-Cenang_LeadAds_20210119,14-04-2022,2022,USD, $448.05 ,7,1321,43,," $60,000.00 ",Completed," $3,004.00 ",104,,,,,,,,,,,
Facebook,L0121_TCN_MY_FB_AO-Cenang_LeadAds_20210119,15-04-2022,2022,USD, $0.49 ,3,1809,30,," $60,000.00 ",Completed," $13,031.00 ",105,,,,,,,,,,,
Facebook,L0121_TCN_MY_FB_AO-Cenang_LeadAds_20210119,16-04-2022,2022,USD, $7.78 ,4,2225,190,," $60,000.00 ",Completed," $9,391.00 ",106,,,,,,,,,,,
Facebook,L0121_TCN_MY_FB_AO-Cenang_LeadAds_20210119,17-04-2022,2022,USD, $40.50 ,5,447,96,," $60,000.00 ",Completed," $7,353.00 ",107,,,,,,,,,,,
Facebook,L0121_TCN_MY_FB_AO-Cenang_LeadAds_20210119,18-04-2022,2022,USD, $5.85 ,6,1982,168,," $60,000.00 ",Completed," $14,588.00 ",108,,,,,,,,,,,
Facebook,L0121_TCN_MY_FB_AO-Cenang_LeadAds_20210119,19-04-2022,2022,USD, $35.04 ,7,2955,54,," $60,000.00 ",Completed," $14,749.00 ",109,,,,,,,,,,,
Facebook,L0121_TCN_MY_FB_AO-Cenang_LeadAds_20210119,20-04-2022,2022,USD, $471.11 ,10,631,90,," $60,000.00 ",Completed," $3,911.00 ",110,,,,,,,,,,,
Facebook,L0121_TCN_MY_FB_AO-Cenang_LeadAds_20210119,21-04-2022,2022,USD," $1,662.75 ",51,390,94,," $60,000.00 ",Completed, $472.00 ,111,,,,,,,,,,,
Facebook,L0121_TCN_MY_FB_AO-Cenang_LeadAds_20210119,22-04-2022,2022,USD, $14.66 ,1,1207,171,," $60,000.00 ",Completed," $3,225.00 ",112,,,,,,,,,,,
Facebook,L0121_TCN_MY_FB_AO-Cenang_LeadAds_20210119,23-04-2022,2022,USD, $19.12 ,1,1315,104,," $60,000.00 ",Completed," $7,471.00 ",113,,,,,,,,,,,
Facebook,L0121_TCN_MY_FB_AO-Cenang_LeadAds_20210119,24-04-2022,2022,USD, $68.70 ,4,805,190,," $60,000.00 ",Completed," $16,407.00 ",114,,,,,,,,,,,
Facebook,L0121_TCN_MY_FB_AO-Cenang_LeadAds_20210119,25-04-2022,2022,USD, $3.36 ,8,1342,78,," $60,000.00 ",Completed," $6,892.00 ",115,,,,,,,,,,,
Facebook,L0121_TCN_MY_FB_AO-Cenang_LeadAds_20210119,26-04-2022,2022,USD, $42.60 ,1,2221,15,," $60,000.00 ",Completed," $2,229.00 ",116,,,,,,,,,,,
Facebook,L0121_TCN_MY_FB_AO-Cenang_LeadAds_20210119,27-04-2022,2022,USD, $14.53 ,9,1631,185,," $60,000.00 ",Completed, $909.00 ,117,,,,,,,,,,,
Facebook,L0121_TCN_MY_FB_AO-Cenang_LeadAds_20210119,28-04-2022,2022,USD, $73.58 ,3,2135,94,," $60,000.00 ",Completed," $14,145.00 ",118,,,,,,,,,,,
Facebook,L0121_TCN_MY_FB_AO-Cenang_LeadAds_20210119,29-04-2022,2022,USD, $25.13 ,1,384,148,," $60,000.00 ",Completed," $8,694.00 ",119,,,,,,,,,,,
Facebook,L0121_TCN_MY_FB_AO-Cenang_LeadAds_20210119,30-04-2022,2022,USD, $396.14 ,11,1101,159,," $60,000.00 ",Completed," $11,092.00 ",120,,,,,,,,,,,
Facebook,L0121_TCN_MY_FB_AO-Cenang_LeadAds_20210119,01-04-2022,2022,USD," $6,722.54 ",201,1866,40,," $60,000.00 ",Completed, $552.00 ,91,,,,,,,,,,,
Facebook,L0121_TCN_MY_FB_AO-Cenang_LeadAds_20210119,02-04-2022,2022,USD, $18.33 ,10,1660,118,," $60,000.00 ",Completed," $5,776.00 ",92,,,,,,,,,,,
Facebook,L0121_TCN_MY_FB_AO-Cenang_LeadAds_20210119,03-04-2022,2022,USD, $17.69 ,11,665,73,," $60,000.00 ",Completed," $5,783.00 ",93,,,,,,,,,,,
Facebook,L0121_TCN_MY_FB_AO-Cenang_LeadAds_20210119,04-04-2022,2022,USD, $311.40 ,3,1142,84,," $60,000.00 ",Completed," $14,137.00 ",94,,,,,,,,,,,
Facebook,L0121_TCN_MY_FB_AO-Cenang_LeadAds_20210119,05-04-2022,2022,USD, $48.76 ,11,1459,38,," $60,000.00 ",Completed," $18,104.00 ",95,,,,,,,,,,,
Facebook,L0121_TCN_MY_FB_AO-Cenang_LeadAds_20210119,06-04-2022,2022,USD, $27.96 ,1,2462,191,," $60,000.00 ",Completed," $11,068.00 ",96,,,,,,,,,,,
Facebook,L0121_TCN_MY_FB_AO-Cenang_LeadAds_20210119,07-04-2022,2022,USD, $74.30 ,1,1009,195,," $60,000.00 ",Completed," $13,940.00 ",97,,,,,,,,,,,
Facebook,L0121_TCN_MY_FB_AO-Cenang_LeadAds_20210119,08-04-2022,2022,USD, $211.17 ,6,676,91,," $60,000.00 ",Completed," $16,580.00 ",98,,,,,,,,,,,
Facebook,L0121_TCN_MY_FB_AO-Cenang_LeadAds_20210119,09-04-2022,2022,USD, $13.11 ,2,2400,63,," $60,000.00 ",Completed," $17,597.00 ",99,,,,,,,,,,,
Facebook,L0121_TCN_MY_FB_AO-Cenang_LeadAds_20210119,10-04-2022,2022,USD, $53.25 ,12,1021,190,," $60,000.00 ",Completed," $7,821.00 ",100,,,,,,,,,,,
Facebook,L0121_TCN_MY_FB_AO-Cenang_LeadAds_20210119,11-04-2022,2022,USD," $2,528.47 ",60,1043,179,," $60,000.00 ",Completed," $18,490.00 ",101,,,,,,,,,,,
Facebook,L0121_TCN_MY_FB_AO-Cenang_LeadAds_20210119,12-04-2022,2022,USD, $460.57 ,9,2748,148,," $60,000.00 ",Completed," $11,703.00 ",102,,,,,,,,,,,
Facebook,L0121_TCN_MY_FB_AO-Cenang_LeadAds_20210119,13-04-2022,2022,USD, $91.52 ,13,922,16,," $60,000.00 ",Completed," $19,247.00 ",103,,,,,,,,,,,
Facebook,L0121_TCN_MY_FB_AO-Cenang_LeadAds_20210119,14-04-2022,2022,USD, $0.07 ,14,716,171,," $60,000.00 ",Completed," $3,486.00 ",104,,,,,,,,,,,
Facebook,L0121_TCN_MY_FB_AO-Cenang_LeadAds_20210119,15-04-2022,2022,USD, $1.00 ,15,1917,150,," $60,000.00 ",Completed," $16,331.00 ",105,,,,,,,,,,,
Facebook,L0121_TCN_MY_FB_AO-Cenang_LeadAds_20210119,16-04-2022,2022,USD, $0.14 ,16,2323,156,," $60,000.00 ",Completed," $3,872.00 ",106,,,,,,,,,,,
Facebook,L0121_TCN_MY_FB_AO-Cenang_LeadAds_20210119,17-04-2022,2022,USD, $0.01 ,14,2163,107,," $60,000.00 ",Completed," $10,481.00 ",107,,,,,,,,,,,
Facebook,L0121_TCN_MY_FB_AO-Cenang_LeadAds_20210119,18-04-2022,2022,USD, $84.30 ,1,1650,91,," $60,000.00 ",Completed," $6,099.00 ",108,,,,,,,,,,,
Facebook,L0121_TCN_MY_FB_AO-Cenang_LeadAds_20210119,19-04-2022,2022,USD, $0.01 ,12,2004,76,," $60,000.00 ",Completed," $9,242.00 ",109,,,,,,,,,,,
Facebook,L0121_TCN_MY_FB_AO-Cenang_LeadAds_20210119,20-04-2022,2022,USD, $0.23 ,13,1626,185,," $60,000.00 ",Completed," $11,064.00 ",110,,,,,,,,,,,
Facebook,L0121_TCN_MY_FB_AO-Cenang_LeadAds_20210119,21-04-2022,2022,USD, $8.43 ,14,2489,176,," $60,000.00 ",Completed," $12,536.00 ",111,,,,,,,,,,,
Facebook,L0121_TCN_MY_FB_AO-Cenang_LeadAds_20210119,22-04-2022,2022,USD, $0.08 ,15,2135,51,," $60,000.00 ",Completed," $3,163.00 ",112,,,,,,,,,,,
Facebook,L0121_TCN_MY_FB_AO-Cenang_LeadAds_20210119,23-04-2022,2022,USD, $325.01 ,5,117,173,," $60,000.00 ",Completed," $18,764.00 ",113,,,,,,,,,,,
Facebook,L0121_TCN_MY_FB_AO-Cenang_LeadAds_20210119,24-04-2022,2022,USD, $0.47 ,1,2859,105,," $60,000.00 ",Completed," $8,098.00 ",114,,,,,,,,,,,
Facebook,L0121_TCN_MY_FB_AO-Cenang_LeadAds_20210119,25-04-2022,2022,USD, $0.33 ,1,1249,62,," $60,000.00 ",Completed," $2,373.00 ",115,,,,,,,,,,,
Facebook,L0121_TCN_MY_FB_AO-Cenang_LeadAds_20210119,26-04-2022,2022,USD, $8.73 ,1,635,115,," $60,000.00 ",Completed, $472.00 ,116,,,,,,,,,,,
Facebook,L0121_TCN_MY_FB_AO-Cenang_LeadAds_20210119,27-04-2022,2022,USD, $0.18 ,9,244,84,," $60,000.00 ",Completed," $5,115.00 ",117,,,,,,,,,,,
Facebook,L0121_TCN_MY_FB_AO-Cenang_LeadAds_20210119,28-04-2022,2022,USD, $290.49 ,4,1245,156,," $60,000.00 ",Completed," $15,562.00 ",118,,,,,,,,,,,
Facebook,L0121_TCN_MY_FB_AO-Cenang_LeadAds_20210119,29-04-2022,2022,USD, $0.77 ,2,219,122,," $60,000.00 ",Completed," $5,120.00 ",119,,,,,,,,,,,
Facebook,L0322_TUL_MY_FB_AO-Uplands_LeadAds_20220331,30-04-2022,2022,USD, $240.52 ,3,561,180,," $35,000.00 ",Completed," $1,721.00 ",120,,,,,,,,,,,
Facebook,L0322_TUL_MY_FB_AO-Uplands_LeadAds_20220331,01-04-2022,2022,USD," $1,261.28 ",23,2555,56,," $35,000.00 ",Completed," $15,089.00 ",91,,,,,,,,,,,
Facebook,L0322_TUL_MY_FB_AO-Uplands_LeadAds_20220331,02-04-2022,2022,USD," $6,868.77 ",192,1437,3,," $35,000.00 ",Completed," $7,275.00 ",92,,,,,,,,,,,
Facebook,L0322_TUL_MY_FB_AO-Uplands_LeadAds_20220331,03-04-2022,2022,USD, $293.64 ,3,2154,174,," $35,000.00 ",Completed," $15,204.00 ",93,,,,,,,,,,,
Facebook,L0322_TUL_MY_FB_AO-Uplands_LeadAds_20220331,04-04-2022,2022,USD," $1,816.80 ",53,2371,3,," $35,000.00 ",Completed," $16,641.00 ",94,,,,,,,,,,,
Facebook,L0322_TUL_MY_FB_AO-Uplands_LeadAds_20220331,05-04-2022,2022,USD, $12.51 ,2,250,80,," $35,000.00 ",Completed," $19,442.00 ",95,,,,,,,,,,,
Facebook,L0322_TUL_MY_FB_AO-Uplands_LeadAds_20220331,06-04-2022,2022,USD, $71.61 ,3,2545,88,," $35,000.00 ",Completed," $9,569.00 ",96,,,,,,,,,,,
Facebook,L0322_TUL_MY_FB_AO-Uplands_LeadAds_20220331,07-04-2022,2022,USD, $292.55 ,3,2750,147,," $35,000.00 ",Completed," $19,488.00 ",97,,,,,,,,,,,
Facebook,L0322_TUL_MY_FB_AO-Uplands_LeadAds_20220331,08-04-2022,2022,USD," $2,073.94 ",45,1790,23,," $35,000.00 ",Completed," $5,871.00 ",98,,,,,,,,,,,
Facebook,L0322_TUL_MY_FB_AO-Uplands_LeadAds_20220331,09-04-2022,2022,USD," $6,187.91 ",127,1091,86,," $35,000.00 ",Completed," $7,984.00 ",99,,,,,,,,,,,
Facebook,L0322_TUL_MY_FB_AO-Uplands_LeadAds_20220331,10-04-2022,2022,USD, $117.53 ,2,2213,168,," $35,000.00 ",Completed," $18,935.00 ",100,,,,,,,,,,,
Facebook,L0322_TUL_MY_FB_AO-Uplands_LeadAds_20220331,11-04-2022,2022,USD," $1,848.03 ",70,2020,196,," $35,000.00 ",Completed," $18,009.00 ",101,,,,,,,,,,,
Facebook,L0322_TUL_MY_FB_AO-Uplands_LeadAds_20220331,12-04-2022,2022,USD, $4.26 ,6,1472,173,," $35,000.00 ",Completed," $4,319.00 ",102,,,,,,,,,,,
Facebook,L0322_TUL_MY_FB_AO-Uplands_LeadAds_20220331,13-04-2022,2022,USD, $40.45 ,2,1892,13,," $35,000.00 ",Completed," $15,972.00 ",103,,,,,,,,,,,
Facebook,L0121_TAA_MY_FB_AO-Aman1_LeadAds_20210106,01-03-2022,2022,USD, $83.73 ,2,679,8,," $26,500.00 ",Completed," $9,914.00 ",60,,,,,,,,,,,
Facebook,L0121_TAA_MY_FB_AO-Aman1_LeadAds_20210106,02-03-2022,2022,USD," $2,671.17 ",43,1504,166,," $26,500.00 ",Completed," $19,838.00 ",61,,,,,,,,,,,
Facebook,L0121_TAA_MY_FB_AO-Aman1_LeadAds_20210106,03-03-2022,2022,USD," $1,095.99 ",22,2103,128,," $26,500.00 ",Completed," $6,469.00 ",62,,,,,,,,,,,
Facebook,L0121_TAA_MY_FB_AO-Aman1_LeadAds_20210106,04-03-2022,2022,USD, $71.47 ,1,761,122,," $26,500.00 ",Completed," $18,775.00 ",63,,,,,,,,,,,
Facebook,L0121_TAA_MY_FB_AO-Aman1_LeadAds_20210106,05-03-2022,2022,USD, $312.75 ,6,2693,120,," $26,500.00 ",Completed," $6,298.00 ",64,,,,,,,,,,,
Facebook,L0121_TAA_MY_FB_AO-Aman1_LeadAds_20210106,06-03-2022,2022,USD," $2,757.81 ",41,984,181,," $26,500.00 ",Completed," $15,174.00 ",65,,,,,,,,,,,
Facebook,L0121_TAA_MY_FB_AO-Aman1_LeadAds_20210106,07-03-2022,2022,USD," $1,084.14 ",18,1173,88,," $26,500.00 ",Completed," $11,865.00 ",66,,,,,,,,,,,
Facebook,L0121_TAA_MY_FB_AO-Aman1_LeadAds_20210106,08-03-2022,2022,USD, $41.92 ,1,2700,9,," $26,500.00 ",Completed," $11,379.00 ",67,,,,,,,,,,,
Facebook,L0121_TAA_MY_FB_AO-Aman1_LeadAds_20210106,09-03-2022,2022,USD, $253.34 ,2,1589,16,," $26,500.00 ",Completed," $7,006.00 ",68,,,,,,,,,,,
Facebook,L0121_TCN_MY_FB_AO-Cenang_LeadAds_20210119,10-03-2022,2022,USD, $1.49 ,2,2680,149,," $60,000.00 ",Completed," $2,841.00 ",69,,,,,,,,,,,
Facebook,L0121_TCN_MY_FB_AO-Cenang_LeadAds_20210119,11-03-2022,2022,USD, $15.32 ,7,544,190,," $60,000.00 ",Completed," $6,417.00 ",70,,,,,,,,,,,
Facebook,L0121_TCN_MY_FB_AO-Cenang_LeadAds_20210119,12-03-2022,2022,USD, $7.01 ,8,1171,193,," $60,000.00 ",Completed," $7,832.00 ",71,,,,,,,,,,,
Facebook,L0121_TCN_MY_FB_AO-Cenang_LeadAds_20210119,13-03-2022,2022,USD, $9.50 ,1,2591,150,," $60,000.00 ",Completed," $19,482.00 ",72,,,,,,,,,,,
Facebook,L0121_TCN_MY_FB_AO-Cenang_LeadAds_20210119,14-03-2022,2022,USD, $13.05 ,2,919,102,," $60,000.00 ",Completed," $15,737.00 ",73,,,,,,,,,,,
Facebook,L0121_TCN_MY_FB_AO-Cenang_LeadAds_20210119,15-03-2022,2022,USD, $98.29 ,3,1888,95,," $60,000.00 ",Completed," $17,631.00 ",74,,,,,,,,,,,
Facebook,L0121_TCN_MY_FB_AO-Cenang_LeadAds_20210119,16-03-2022,2022,USD, $249.69 ,14,64,81,," $60,000.00 ",Completed," $10,838.00 ",75,,,,,,,,,,,
Facebook,L0121_TCN_MY_FB_AO-Cenang_LeadAds_20210119,17-03-2022,2022,USD, $1.72 ,1,2564,54,," $60,000.00 ",Completed," $17,470.00 ",76,,,,,,,,,,,
Facebook,L0121_TCN_MY_FB_AO-Cenang_LeadAds_20210119,18-03-2022,2022,USD, $1.02 ,2,900,169,," $60,000.00 ",Completed," $10,574.00 ",77,,,,,,,,,,,
Facebook,L0121_TCN_MY_FB_AO-Cenang_LeadAds_20210119,19-03-2022,2022,USD, $3.71 ,3,708,17,," $60,000.00 ",Completed," $10,420.00 ",78,,,,,,,,,,,
Facebook,L0121_TCN_MY_FB_AO-Cenang_LeadAds_20210119,20-03-2022,2022,USD, $32.95 ,1,2383,57,," $60,000.00 ",Completed," $2,690.00 ",79,,,,,,,,,,,
Facebook,L0121_TCN_MY_FB_AO-Cenang_LeadAds_20210119,21-03-2022,2022,USD, $5.61 ,2,328,19,," $60,000.00 ",Completed," $1,395.00 ",80,,,,,,,,,,,
Facebook,L0121_TCN_MY_FB_AO-Cenang_LeadAds_20210119,22-03-2022,2022,USD, $45.36 ,1,2780,196,," $60,000.00 ",Completed," $4,698.00 ",81,,,,,,,,,,,
Facebook,L0121_TCN_MY_FB_AO-Cenang_LeadAds_20210119,23-03-2022,2022,USD, $0.11 ,2,2346,10,," $60,000.00 ",Completed," $6,672.00 ",82,,,,,,,,,,,
Facebook,L0121_TCN_MY_FB_AO-Cenang_LeadAds_20210119,24-03-2022,2022,USD, $0.53 ,3,2807,99,," $60,000.00 ",Completed," $5,335.00 ",83,,,,,,,,,,,
Facebook,L0121_TCN_MY_FB_AO-Cenang_LeadAds_20210119,25-03-2022,2022,USD, $8.68 ,4,274,65,," $60,000.00 ",Completed," $12,312.00 ",84,,,,,,,,,,,
Facebook,L0121_TCN_MY_FB_AO-Cenang_LeadAds_20210119,26-03-2022,2022,USD, $9.58 ,5,2847,168,," $60,000.00 ",Completed," $6,139.00 ",85,,,,,,,,,,,
Facebook,L0121_TCN_MY_FB_AO-Cenang_LeadAds_20210119,27-03-2022,2022,USD, $103.31 ,6,99,69,," $60,000.00 ",Completed," $11,684.00 ",86,,,,,,,,,,,
Facebook,L0121_TCN_MY_FB_AO-Cenang_LeadAds_20210119,28-03-2022,2022,USD, $20.73 ,1,594,157,," $60,000.00 ",Completed," $5,421.00 ",87,,,,,,,,,,,
Facebook,L0121_TCN_MY_FB_AO-Cenang_LeadAds_20210119,29-03-2022,2022,USD, $4.24 ,4,2947,171,," $60,000.00 ",Completed," $17,370.00 ",88,,,,,,,,,,,
Facebook,L0121_TCN_MY_FB_AO-Cenang_LeadAds_20210119,30-03-2022,2022,USD, $2.14 ,2,1418,192,," $60,000.00 ",Completed, $581.00 ,89,,,,,,,,,,,
Facebook,L0121_TCN_MY_FB_AO-Cenang_LeadAds_20210119,31-03-2022,2022,USD, $3.02 ,3,1398,148,," $60,000.00 ",Completed," $13,324.00 ",90,,,,,,,,,,,
Facebook,L0121_TCN_MY_FB_AO-Cenang_LeadAds_20210119,01-03-2022,2022,USD, $8.85 ,44,1044,137,," $60,000.00 ",Completed," $16,388.00 ",60,,,,,,,,,,,
Facebook,L0121_TCN_MY_FB_AO-Cenang_LeadAds_20210119,02-03-2022,2022,USD, $189.33 ,4,1084,59,," $60,000.00 ",Completed," $2,167.00 ",61,,,,,,,,,,,
Facebook,L0121_TCN_MY_FB_AO-Cenang_LeadAds_20210119,03-03-2022,2022,USD, $0.37 ,12,2263,30,," $60,000.00 ",Completed," $9,105.00 ",62,,,,,,,,,,,
Facebook,L0121_TCN_MY_FB_AO-Cenang_LeadAds_20210119,04-03-2022,2022,USD, $1.89 ,15,3,80,," $60,000.00 ",Completed," $6,914.00 ",63,,,,,,,,,,,
Facebook,L0121_TCN_MY_FB_AO-Cenang_LeadAds_20210119,05-03-2022,2022,USD, $3.66 ,13,1076,108,," $60,000.00 ",Completed," $5,126.00 ",64,,,,,,,,,,,
Facebook,L0121_TCN_MY_FB_AO-Cenang_LeadAds_20210119,06-03-2022,2022,USD, $20.00 ,45,2029,78,," $60,000.00 ",Completed," $4,015.00 ",65,,,,,,,,,,,
Facebook,L0121_TCN_MY_FB_AO-Cenang_LeadAds_20210119,07-03-2022,2022,USD, $64.79 ,1,310,54,," $60,000.00 ",Completed," $14,023.00 ",66,,,,,,,,,,,
Facebook,L0121_TCN_MY_FB_AO-Cenang_LeadAds_20210119,08-03-2022,2022,USD, $0.62 ,2,2143,173,," $60,000.00 ",Completed," $13,742.00 ",67,,,,,,,,,,,
Facebook,L0121_TCN_MY_FB_AO-Cenang_LeadAds_20210119,09-03-2022,2022,USD, $1.76 ,3,1718,59,," $60,000.00 ",Completed," $4,486.00 ",68,,,,,,,,,,,
Facebook,L0121_TCN_MY_FB_AO-Cenang_LeadAds_20210119,10-03-2022,2022,USD, $1.19 ,4,199,167,," $60,000.00 ",Completed," $17,503.00 ",69,,,,,,,,,,,
Facebook,L0121_TCN_MY_FB_AO-Cenang_LeadAds_20210119,11-03-2022,2022,USD, $11.90 ,5,1553,26,," $60,000.00 ",Completed," $18,890.00 ",70,,,,,,,,,,,
Facebook,L0121_TCN_MY_FB_AO-Cenang_LeadAds_20210119,12-03-2022,2022,USD, $2.05 ,6,1803,173,," $60,000.00 ",Completed," $8,448.00 ",71,,,,,,,,,,,
Facebook,L0121_TCN_MY_FB_AO-Cenang_LeadAds_20210119,13-03-2022,2022,USD, $32.10 ,7,2761,77,," $60,000.00 ",Completed," $19,487.00 ",72,,,,,,,,,,,
Facebook,L0121_TCN_MY_FB_AO-Cenang_LeadAds_20210119,14-03-2022,2022,USD, $131.09 ,1,2353,87,," $60,000.00 ",Completed," $16,119.00 ",73,,,,,,,,,,,
Facebook,L0121_TCN_MY_FB_AO-Cenang_LeadAds_20210119,15-03-2022,2022,USD, $93.79 ,1,1732,110,," $60,000.00 ",Completed," $18,312.00 ",74,,,,,,,,,,,
Facebook,L0121_TCN_MY_FB_AO-Cenang_LeadAds_20210119,16-03-2022,2022,USD, $643.25 ,15,2708,27,," $60,000.00 ",Completed," $19,628.00 ",75,,,,,,,,,,,
Facebook,L0121_TCN_MY_FB_AO-Cenang_LeadAds_20210119,17-03-2022,2022,USD, $0.79 ,8,578,125,," $60,000.00 ",Completed," $7,244.00 ",76,,,,,,,,,,,
Facebook,L0121_TCN_MY_FB_AO-Cenang_LeadAds_20210119,18-03-2022,2022,USD, $2.98 ,9,2732,59,," $60,000.00 ",Completed," $11,281.00 ",77,,,,,,,,,,,
Facebook,L0121_TCN_MY_FB_AO-Cenang_LeadAds_20210119,19-03-2022,2022,USD, $15.63 ,1,467,3,," $60,000.00 ",Completed," $19,833.00 ",78,,,,,,,,,,,
Facebook,L0121_TCN_MY_FB_AO-Cenang_LeadAds_20210119,20-03-2022,2022,USD, $99.89 ,2,2354,182,," $60,000.00 ",Completed," $1,958.00 ",79,,,,,,,,,,,
Facebook,L0121_TCN_MY_FB_AO-Cenang_LeadAds_20210119,21-03-2022,2022,USD, $24.34 ,1,2301,6,," $60,000.00 ",Completed," $8,384.00 ",80,,,,,,,,,,,
Facebook,L0121_TCN_MY_FB_AO-Cenang_LeadAds_20210119,22-03-2022,2022,USD, $527.53 ,10,158,28,," $60,000.00 ",Completed," $14,369.00 ",81,,,,,,,,,,,
Facebook,L0121_TCN_MY_FB_AO-Cenang_LeadAds_20210119,23-03-2022,2022,USD," $2,801.01 ",73,1150,164,," $60,000.00 ",Completed, $803.00 ,82,,,,,,,,,,,
Facebook,L0121_TCN_MY_FB_AO-Cenang_LeadAds_20210119,24-03-2022,2022,USD, $16.33 ,1,2603,47,," $60,000.00 ",Completed," $14,542.00 ",83,,,,,,,,,,,
Facebook,L0121_TCN_MY_FB_AO-Cenang_LeadAds_20210119,25-03-2022,2022,USD, $13.15 ,2,1726,122,," $60,000.00 ",Completed," $10,216.00 ",84,,,,,,,,,,,
Facebook,L0121_TCN_MY_FB_AO-Cenang_LeadAds_20210119,26-03-2022,2022,USD, $0.74 ,3,934,122,," $60,000.00 ",Completed," $18,790.00 ",85,,,,,,,,,,,
Facebook,L0121_TCN_MY_FB_AO-Cenang_LeadAds_20210119,27-03-2022,2022,USD, $18.40 ,4,2207,76,," $60,000.00 ",Completed," $18,575.00 ",86,,,,,,,,,,,
Facebook,L0121_TCN_MY_FB_AO-Cenang_LeadAds_20210119,28-03-2022,2022,USD, $58.51 ,5,2650,61,," $60,000.00 ",Completed," $12,091.00 ",87,,,,,,,,,,,
Facebook,L0121_TCN_MY_FB_AO-Cenang_LeadAds_20210119,29-03-2022,2022,USD, $161.41 ,1,2174,23,," $60,000.00 ",Completed," $15,748.00 ",88,,,,,,,,,,,
Facebook,L0121_TCN_MY_FB_AO-Cenang_LeadAds_20210119,30-03-2022,2022,USD, $58.06 ,2,441,72,," $60,000.00 ",Completed," $12,099.00 ",89,,,,,,,,,,,
Facebook,L0121_TCN_MY_FB_AO-Cenang_LeadAds_20210119,31-03-2022,2022,USD, $740.99 ,21,2354,27,," $60,000.00 ",Completed," $18,443.00 ",90,,,,,,,,,,,
Facebook,L0121_TCN_MY_FB_AO-Cenang_LeadAds_20210119,01-03-2022,2022,USD, $5.53 ,2,2710,129,," $60,000.00 ",Completed," $19,712.00 ",60,,,,,,,,,,,
Facebook,L0121_TCN_MY_FB_AO-Cenang_LeadAds_20210119,02-03-2022,2022,USD, $4.28 ,3,176,150,," $60,000.00 ",Completed," $12,419.00 ",61,,,,,,,,,,,
Facebook,L0121_TCN_MY_FB_AO-Cenang_LeadAds_20210119,03-03-2022,2022,USD, $1.84 ,4,1426,69,," $60,000.00 ",Completed," $11,113.00 ",62,,,,,,,,,,,
Facebook,L0121_TCN_MY_FB_AO-Cenang_LeadAds_20210119,04-03-2022,2022,USD, $5.28 ,5,72,5,," $60,000.00 ",Completed," $14,801.00 ",63,,,,,,,,,,,
Facebook,L0121_TCN_MY_FB_AO-Cenang_LeadAds_20210119,05-03-2022,2022,USD, $23.21 ,6,274,88,," $60,000.00 ",Completed," $17,500.00 ",64,,,,,,,,,,,
Facebook,L0121_TCN_MY_FB_AO-Cenang_LeadAds_20210119,06-03-2022,2022,USD, $3.71 ,1,981,126,," $60,000.00 ",Completed," $14,794.00 ",65,,,,,,,,,,,
Facebook,L0121_TCN_MY_FB_AO-Cenang_LeadAds_20210119,07-03-2022,2022,USD, $50.48 ,2,2660,89,," $60,000.00 ",Completed," $6,625.00 ",66,,,,,,,,,,,
Facebook,L0121_TCN_MY_FB_AO-Cenang_LeadAds_20210119,08-03-2022,2022,USD, $1.16 ,0,908,70,," $60,000.00 ",Completed," $12,207.00 ",67,,,,,,,,,,,
Facebook,L0121_TCN_MY_FB_AO-Cenang_LeadAds_20210119,09-03-2022,2022,USD, $3.89 ,3,1206,140,," $60,000.00 ",Completed," $16,458.00 ",68,,,,,,,,,,,
Facebook,L0121_TCN_MY_FB_AO-Cenang_LeadAds_20210119,10-03-2022,2022,USD, $29.68 ,4,1170,107,," $60,000.00 ",Completed," $15,552.00 ",69,,,,,,,,,,,
Facebook,L0121_TCN_MY_FB_AO-Cenang_LeadAds_20210119,11-03-2022,2022,USD, $37.42 ,5,2581,76,," $60,000.00 ",Completed," $9,204.00 ",70,,,,,,,,,,,
Facebook,L0121_TCN_MY_FB_AO-Cenang_LeadAds_20210119,12-03-2022,2022,USD, $3.51 ,6,2907,174,," $60,000.00 ",Completed," $11,296.00 ",71,,,,,,,,,,,
Facebook,L0121_TCN_MY_FB_AO-Cenang_LeadAds_20210119,13-03-2022,2022,USD, $7.93 ,0,2126,196,," $60,000.00 ",Completed," $15,978.00 ",72,,,,,,,,,,,
Facebook,L0121_TCN_MY_FB_AO-Cenang_LeadAds_20210119,14-03-2022,2022,USD, $61.87 ,1,1208,75,," $60,000.00 ",Completed," $14,116.00 ",73,,,,,,,,,,,
Facebook,L0121_TCN_MY_FB_AO-Cenang_LeadAds_20210119,15-03-2022,2022,USD, $0.76 ,2,2096,32,," $60,000.00 ",Completed," $2,129.00 ",74,,,,,,,,,,,
Facebook,L0121_TCN_MY_FB_AO-Cenang_LeadAds_20210119,16-03-2022,2022,USD, $2.10 ,0,2640,168,," $60,000.00 ",Completed," $16,080.00 ",75,,,,,,,,,,,
Facebook,L0121_TCN_MY_FB_AO-Cenang_LeadAds_20210119,17-03-2022,2022,USD, $12.24 ,1,225,64,," $60,000.00 ",Completed," $16,267.00 ",76,,,,,,,,,,,
Facebook,L0121_TCN_MY_FB_AO-Cenang_LeadAds_20210119,18-03-2022,2022,USD, $509.06 ,7,2456,80,," $60,000.00 ",Completed," $14,879.00 ",77,,,,,,,,,,,
Facebook,L0121_TCN_MY_FB_AO-Cenang_LeadAds_20210119,19-03-2022,2022,USD, $81.98 ,3,2005,51,," $60,000.00 ",Completed," $1,458.00 ",78,,,,,,,,,,,
Facebook,L0121_TCN_MY_FB_AO-Cenang_LeadAds_20210119,20-03-2022,2022,USD, $511.98 ,14,628,32,," $60,000.00 ",Completed," $2,406.00 ",79,,,,,,,,,,,
Facebook,L0121_TCN_MY_FB_AO-Cenang_LeadAds_20210119,21-03-2022,2022,USD, $1.73 ,30,2856,139,," $60,000.00 ",Completed," $2,816.00 ",80,,,,,,,,,,,
Facebook,L0121_TCN_MY_FB_AO-Cenang_LeadAds_20210119,22-03-2022,2022,USD, $9.62 ,0,786,186,," $60,000.00 ",Completed," $18,098.00 ",81,,,,,,,,,,,
Facebook,L0121_TCN_MY_FB_AO-Cenang_LeadAds_20210119,23-03-2022,2022,USD, $2.92 ,1,114,3,," $60,000.00 ",Completed," $19,531.00 ",82,,,,,,,,,,,
Facebook,L0121_TCN_MY_FB_AO-Cenang_LeadAds_20210119,24-03-2022,2022,USD, $58.69 ,2,293,155,," $60,000.00 ",Completed," $10,812.00 ",83,,,,,,,,,,,
Facebook,L0121_TCN_MY_FB_AO-Cenang_LeadAds_20210119,25-03-2022,2022,USD, $15.81 ,2,961,67,," $60,000.00 ",Completed," $10,459.00 ",84,,,,,,,,,,,
Facebook,L0121_TCN_MY_FB_AO-Cenang_LeadAds_20210119,26-03-2022,2022,USD, $223.17 ,3,947,77,," $60,000.00 ",Completed, $130.00 ,85,,,,,,,,,,,
Facebook,L0121_TCN_MY_FB_AO-Cenang_LeadAds_20210119,27-03-2022,2022,USD, $269.56 ,6,2747,183,," $60,000.00 ",Completed," $10,139.00 ",86,,,,,,,,,,,
Facebook,L0121_TCN_MY_FB_AO-Cenang_LeadAds_20210119,28-03-2022,2022,USD," $2,394.22 ",70,1521,36,," $60,000.00 ",Completed," $19,686.00 ",87,,,,,,,,,,,
Facebook,L0121_TCN_MY_FB_AO-Cenang_LeadAds_20210119,29-03-2022,2022,USD, $3.62 ,3,464,77,," $60,000.00 ",Completed," $15,733.00 ",88,,,,,,,,,,,
Facebook,L0121_TCN_MY_FB_AO-Cenang_LeadAds_20210119,30-03-2022,2022,USD, $6.12 ,1,621,82,," $60,000.00 ",Completed," $4,514.00 ",89,,,,,,,,,,,
Facebook,L0121_TAA_MY_FB_AO-Aman1_LeadAds_20210106,01-02-2022,2022,USD, $10.88 ,2,74,75,," $26,500.00 ",Completed," $3,362.00 ",32,,,,,,,,,,,
Facebook,L0121_TAA_MY_FB_AO-Aman1_LeadAds_20210106,02-02-2022,2022,USD, $0.69 ,3,2296,198,," $26,500.00 ",Completed," $19,508.00 ",33,,,,,,,,,,,
Facebook,L0121_TAA_MY_FB_AO-Aman1_LeadAds_20210106,03-02-2022,2022,USD, $0.32 ,4,1825,64,," $26,500.00 ",Completed," $16,863.00 ",34,,,,,,,,,,,
Facebook,L0121_TAA_MY_FB_AO-Aman1_LeadAds_20210106,04-02-2022,2022,USD, $6.71 ,5,1146,59,," $26,500.00 ",Completed," $16,344.00 ",35,,,,,,,,,,,
Facebook,L0121_TAA_MY_FB_AO-Aman1_LeadAds_20210106,05-02-2022,2022,USD, $290.56 ,3,1420,186,," $26,500.00 ",Completed," $4,898.00 ",36,,,,,,,,,,,
Facebook,L0121_TAA_MY_FB_AO-Aman1_LeadAds_20210106,06-02-2022,2022,USD, $105.10 ,2,2616,179,," $26,500.00 ",Completed," $6,208.00 ",37,,,,,,,,,,,
Facebook,L0121_TAA_MY_FB_AO-Aman1_LeadAds_20210106,07-02-2022,2022,USD, $177.54 ,3,630,102,," $26,500.00 ",Completed," $18,654.00 ",38,,,,,,,,,,,
Facebook,L0121_TAA_MY_FB_AO-Aman1_LeadAds_20210106,08-02-2022,2022,USD, $115.15 ,2,1626,165,," $26,500.00 ",Completed," $3,157.00 ",39,,,,,,,,,,,
Facebook,L0121_TAA_MY_FB_AO-Aman1_LeadAds_20210106,09-02-2022,2022,USD, $63.96 ,6,1045,160,," $26,500.00 ",Completed, $443.00 ,40,,,,,,,,,,,
Facebook,L0121_TAA_MY_FB_AO-Aman1_LeadAds_20210106,10-02-2022,2022,USD, $266.33 ,1,717,82,," $26,500.00 ",Completed," $1,710.00 ",41,,,,,,,,,,,
Facebook,L0121_TAA_MY_FB_AO-Aman1_LeadAds_20210106,11-02-2022,2022,USD, $110.50 ,1,343,173,," $26,500.00 ",Completed," $13,668.00 ",42,,,,,,,,,,,
Facebook,L0121_TAA_MY_FB_AO-Aman1_LeadAds_20210106,12-02-2022,2022,USD, $190.56 ,3,39,61,," $26,500.00 ",Completed," $5,290.00 ",43,,,,,,,,,,,
Facebook,L0121_TAA_MY_FB_AO-Aman1_LeadAds_20210106,13-02-2022,2022,USD, $53.94 ,1,550,165,," $26,500.00 ",Completed," $14,236.00 ",44,,,,,,,,,,,
Facebook,L0121_TAA_MY_FB_AO-Aman1_LeadAds_20210106,14-02-2022,2022,USD, $131.81 ,1,63,154,," $26,500.00 ",Completed," $16,833.00 ",45,,,,,,,,,,,
Facebook,L0121_TAA_MY_FB_AO-Aman1_LeadAds_20210106,15-02-2022,2022,USD, $194.66 ,4,718,119,," $26,500.00 ",Completed," $4,097.00 ",46,,,,,,,,,,,
Facebook,L0121_TAA_MY_FB_AO-Aman1_LeadAds_20210106,16-02-2022,2022,USD, $28.66 ,2,2795,176,," $26,500.00 ",Completed," $7,875.00 ",47,,,,,,,,,,,
Facebook,L0121_TAA_MY_FB_AO-Aman1_LeadAds_20210106,17-02-2022,2022,USD, $134.59 ,2,2078,157,," $26,500.00 ",Completed," $12,200.00 ",48,,,,,,,,,,,
Facebook,L0121_TAA_MY_FB_AO-Aman1_LeadAds_20210106,18-02-2022,2022,USD, $50.48 ,3,11,103,," $26,500.00 ",Completed," $10,118.00 ",49,,,,,,,,,,,
Facebook,L0121_TAA_MY_FB_AO-Aman1_LeadAds_20210106,19-02-2022,2022,USD, $344.27 ,6,2307,188,," $26,500.00 ",Completed," $6,418.00 ",50,,,,,,,,,,,
Facebook,L0121_TAA_MY_FB_AO-Aman1_LeadAds_20210106,20-02-2022,2022,USD, $122.48 ,1,770,67,," $26,500.00 ",Completed," $1,643.00 ",51,,,,,,,,,,,
Facebook,L0121_TAA_MY_FB_AO-Aman1_LeadAds_20210106,21-02-2022,2022,USD, $33.08 ,4,2050,38,," $26,500.00 ",Completed," $10,067.00 ",52,,,,,,,,,,,
Facebook,L0121_TAA_MY_FB_AO-Aman1_LeadAds_20210106,22-02-2022,2022,USD, $198.15 ,4,967,71,," $26,500.00 ",Completed," $8,512.00 ",53,,,,,,,,,,,
Facebook,L0121_TAA_MY_FB_AO-Aman1_LeadAds_20210106,23-02-2022,2022,USD, $96.87 ,5,1462,103,," $26,500.00 ",Completed," $12,436.00 ",54,,,,,,,,,,,
Facebook,L0121_TAA_MY_FB_AO-Aman1_LeadAds_20210106,24-02-2022,2022,USD, $23.64 ,6,1582,83,," $26,500.00 ",Completed," $8,032.00 ",55,,,,,,,,,,,
Facebook,L0121_TAA_MY_FB_AO-Aman1_LeadAds_20210106,25-02-2022,2022,USD, $68.55 ,11,1877,21,," $26,500.00 ",Completed," $11,938.00 ",56,,,,,,,,,,,
Facebook,L0121_TAA_MY_FB_AO-Aman1_LeadAds_20210106,26-02-2022,2022,USD, $21.13 ,12,379,145,," $26,500.00 ",Completed," $2,073.00 ",57,,,,,,,,,,,
Facebook,L0121_TCN_MY_FB_AO-Cenang_LeadAds_20210119,27-02-2022,2022,USD, $0.42 ,15,1695,157,," $60,000.00 ",Completed," $12,283.00 ",58,,,,,,,,,,,
Facebook,L0121_TCN_MY_FB_AO-Cenang_LeadAds_20210119,28-02-2022,2022,USD, $1.87 ,14,2905,118,," $60,000.00 ",Completed," $10,066.00 ",59,,,,,,,,,,,
Facebook,L0121_TCN_MY_FB_AO-Cenang_LeadAds_20210119,01-02-2022,2022,USD, $7.87 ,13,799,25,," $60,000.00 ",Completed," $18,130.00 ",32,,,,,,,,,,,
Facebook,L0121_TCN_MY_FB_AO-Cenang_LeadAds_20210119,02-02-2022,2022,USD, $119.87 ,1,1046,138,," $60,000.00 ",Completed," $19,951.00 ",33,,,,,,,,,,,
Facebook,L0121_TCN_MY_FB_AO-Cenang_LeadAds_20210119,03-02-2022,2022,USD, $32.16 ,12,2468,158,," $60,000.00 ",Completed," $4,455.00 ",34,,,,,,,,,,,
Facebook,L0121_TCN_MY_FB_AO-Cenang_LeadAds_20210119,04-02-2022,2022,USD, $131.27 ,3,2318,82,," $60,000.00 ",Completed," $10,749.00 ",35,,,,,,,,,,,
Facebook,L0121_TCN_MY_FB_AO-Cenang_LeadAds_20210119,05-02-2022,2022,USD, $6.93 ,14,1243,175,," $60,000.00 ",Completed," $16,027.00 ",36,,,,,,,,,,,
Facebook,L0121_TCN_MY_FB_AO-Cenang_LeadAds_20210119,06-02-2022,2022,USD, $8.25 ,12,2936,31,," $60,000.00 ",Completed," $4,722.00 ",37,,,,,,,,,,,
Facebook,L0121_TCN_MY_FB_AO-Cenang_LeadAds_20210119,07-02-2022,2022,USD, $61.16 ,3,218,36,," $60,000.00 ",Completed," $4,217.00 ",38,,,,,,,,,,,
Facebook,L0121_TCN_MY_FB_AO-Cenang_LeadAds_20210119,08-02-2022,2022,USD, $33.79 ,13,1992,158,," $60,000.00 ",Completed, $301.00 ,39,,,,,,,,,,,
Facebook,L0121_TCN_MY_FB_AO-Cenang_LeadAds_20210119,09-02-2022,2022,USD, $38.47 ,1,2858,125,," $60,000.00 ",Completed, $929.00 ,40,,,,,,,,,,,
Facebook,L0121_TCN_MY_FB_AO-Cenang_LeadAds_20210119,10-02-2022,2022,USD, $2.90 ,14,2969,57,," $60,000.00 ",Completed," $14,134.00 ",41,,,,,,,,,,,
Facebook,L0121_TCN_MY_FB_AO-Cenang_LeadAds_20210119,11-02-2022,2022,USD, $10.06 ,1,2676,93,," $60,000.00 ",Completed," $16,122.00 ",42,,,,,,,,,,,
Facebook,L0121_TCN_MY_FB_AO-Cenang_LeadAds_20210119,12-02-2022,2022,USD, $9.96 ,1,2372,115,," $60,000.00 ",Completed," $12,897.00 ",43,,,,,,,,,,,
Facebook,L0121_TCN_MY_FB_AO-Cenang_LeadAds_20210119,13-02-2022,2022,USD, $19.28 ,1,2001,4,," $60,000.00 ",Completed," $19,900.00 ",44,,,,,,,,,,,
Facebook,L0121_TCN_MY_FB_AO-Cenang_LeadAds_20210119,14-02-2022,2022,USD, $153.19 ,3,710,186,," $60,000.00 ",Completed," $17,688.00 ",45,,,,,,,,,,,
Facebook,L0121_TCN_MY_FB_AO-Cenang_LeadAds_20210119,15-02-2022,2022,USD, $41.01 ,1,1117,135,," $60,000.00 ",Completed," $13,638.00 ",46,,,,,,,,,,,
Facebook,L0121_TCN_MY_FB_AO-Cenang_LeadAds_20210119,16-02-2022,2022,USD, $513.77 ,17,232,67,," $60,000.00 ",Completed," $10,072.00 ",47,,,,,,,,,,,
Facebook,L0121_TCN_MY_FB_AO-Cenang_LeadAds_20210119,17-02-2022,2022,USD, $2.07 ,12,1269,73,," $60,000.00 ",Completed," $6,723.00 ",48,,,,,,,,,,,
Facebook,L0121_TCN_MY_FB_AO-Cenang_LeadAds_20210119,18-02-2022,2022,USD, $12.05 ,11,665,16,," $60,000.00 ",Completed," $8,203.00 ",49,,,,,,,,,,,
Facebook,L0121_TCN_MY_FB_AO-Cenang_LeadAds_20210119,19-02-2022,2022,USD, $0.17 ,10,1784,22,," $60,000.00 ",Completed," $11,139.00 ",50,,,,,,,,,,,
Facebook,L0121_TCN_MY_FB_AO-Cenang_LeadAds_20210119,20-02-2022,2022,USD, $0.03 ,10,1072,117,," $60,000.00 ",Completed," $17,757.00 ",51,,,,,,,,,,,
Facebook,L0121_TCN_MY_FB_AO-Cenang_LeadAds_20210119,21-02-2022,2022,USD, $1.89 ,11,2130,148,," $60,000.00 ",Completed," $3,448.00 ",52,,,,,,,,,,,
Facebook,L0121_TCN_MY_FB_AO-Cenang_LeadAds_20210119,22-02-2022,2022,USD, $2.32 ,12,1731,189,," $60,000.00 ",Completed," $18,900.00 ",53,,,,,,,,,,,
Facebook,L0121_TCN_MY_FB_AO-Cenang_LeadAds_20210119,23-02-2022,2022,USD, $56.60 ,13,1534,41,," $60,000.00 ",Completed," $1,566.00 ",54,,,,,,,,,,,
Facebook,L0121_TCN_MY_FB_AO-Cenang_LeadAds_20210119,24-02-2022,2022,USD, $11.05 ,14,2261,25,," $60,000.00 ",Completed," $7,967.00 ",55,,,,,,,,,,,
Facebook,L0121_TCN_MY_FB_AO-Cenang_LeadAds_20210119,25-02-2022,2022,USD, $89.83 ,12,938,89,," $60,000.00 ",Completed," $4,430.00 ",56,,,,,,,,,,,
Facebook,L0121_TCN_MY_FB_AO-Cenang_LeadAds_20210119,26-02-2022,2022,USD, $0.07 ,11,630,173,," $60,000.00 ",Completed," $4,371.00 ",57,,,,,,,,,,,
Facebook,L0121_TCN_MY_FB_AO-Cenang_LeadAds_20210119,27-02-2022,2022,USD, $2.41 ,14,469,68,," $60,000.00 ",Completed, $8.00 ,58,,,,,,,,,,,
Facebook,L0121_TCN_MY_FB_AO-Cenang_LeadAds_20210119,28-02-2022,2022,USD, $1.21 ,12,565,138,," $60,000.00 ",Completed," $6,756.00 ",59,,,,,,,,,,,
Facebook,L0121_TCN_MY_FB_AO-Cenang_LeadAds_20210119,01-02-2022,2022,USD, $0.08 ,13,1102,181,," $60,000.00 ",Completed," $11,475.00 ",32,,,,,,,,,,,
Facebook,L0121_TCN_MY_FB_AO-Cenang_LeadAds_20210119,02-02-2022,2022,USD, $14.70 ,1,327,178,," $60,000.00 ",Completed," $13,072.00 ",33,,,,,,,,,,,
Facebook,L0121_TCN_MY_FB_AO-Cenang_LeadAds_20210119,03-02-2022,2022,USD, $3.92 ,14,70,170,," $60,000.00 ",Completed," $3,690.00 ",34,,,,,,,,,,,
Facebook,L0121_TCN_MY_FB_AO-Cenang_LeadAds_20210119,04-02-2022,2022,USD, $68.53 ,1,462,173,," $60,000.00 ",Completed," $17,082.00 ",35,,,,,,,,,,,
Facebook,L0121_TCN_MY_FB_AO-Cenang_LeadAds_20210119,05-02-2022,2022,USD, $76.64 ,11,2436,99,," $60,000.00 ",Completed," $10,503.00 ",36,,,,,,,,,,,
Facebook,L0121_TCN_MY_FB_AO-Cenang_LeadAds_20210119,06-02-2022,2022,USD, $2.73 ,1,1339,99,," $60,000.00 ",Completed," $15,066.00 ",37,,,,,,,,,,,
Facebook,L0121_TCN_MY_FB_AO-Cenang_LeadAds_20210119,07-02-2022,2022,USD, $0.64 ,2,803,12,," $60,000.00 ",Completed," $18,174.00 ",38,,,,,,,,,,,
Facebook,L0121_TCN_MY_FB_AO-Cenang_LeadAds_20210119,08-02-2022,2022,USD, $0.05 ,3,2036,70,," $60,000.00 ",Completed," $17,672.00 ",39,,,,,,,,,,,
Facebook,L0121_TCN_MY_FB_AO-Cenang_LeadAds_20210119,09-02-2022,2022,USD, $12.61 ,4,1912,20,," $60,000.00 ",Completed," $7,471.00 ",40,,,,,,,,,,,
Facebook,L0121_TCN_MY_FB_AO-Cenang_LeadAds_20210119,10-02-2022,2022,USD, $7.49 ,5,572,90,," $60,000.00 ",Completed," $18,571.00 ",41,,,,,,,,,,,
Facebook,L0121_TCN_MY_FB_AO-Cenang_LeadAds_20210119,11-02-2022,2022,USD, $89.03 ,6,1426,119,," $60,000.00 ",Completed," $19,089.00 ",42,,,,,,,,,,,
Facebook,L0121_TCN_MY_FB_AO-Cenang_LeadAds_20210119,12-02-2022,2022,USD, $22.10 ,1,1425,115,," $60,000.00 ",Completed," $15,767.00 ",43,,,,,,,,,,,
Facebook,L0121_TCN_MY_FB_AO-Cenang_LeadAds_20210119,13-02-2022,2022,USD, $171.08 ,6,2,167,," $60,000.00 ",Completed," $18,168.00 ",44,,,,,,,,,,,
Facebook,L0121_TCN_MY_FB_AO-Cenang_LeadAds_20210119,14-02-2022,2022,USD, $0.28 ,2,2137,198,," $60,000.00 ",Completed," $7,110.00 ",45,,,,,,,,,,,
Facebook,L0121_TCN_MY_FB_AO-Cenang_LeadAds_20210119,15-02-2022,2022,USD, $4.05 ,3,374,2,," $60,000.00 ",Completed, $216.00 ,46,,,,,,,,,,,
Facebook,L0121_TCN_MY_FB_AO-Cenang_LeadAds_20210119,16-02-2022,2022,USD, $11.12 ,7,1461,119,," $60,000.00 ",Completed," $19,718.00 ",47,,,,,,,,,,,
Facebook,L0121_TCN_MY_FB_AO-Cenang_LeadAds_20210119,17-02-2022,2022,USD, $5.49 ,8,647,138,," $60,000.00 ",Completed," $2,666.00 ",48,,,,,,,,,,,
Facebook,L0121_TCN_MY_FB_AO-Cenang_LeadAds_20210119,18-02-2022,2022,USD, $73.77 ,3,909,49,," $60,000.00 ",Completed," $10,806.00 ",49,,,,,,,,,,,
Facebook,L0121_TCN_MY_FB_AO-Cenang_LeadAds_20210119,19-02-2022,2022,USD, $147.84 ,3,1747,139,," $60,000.00 ",Completed," $17,009.00 ",50,,,,,,,,,,,
Facebook,L0121_TCN_MY_FB_AO-Cenang_LeadAds_20210119,20-02-2022,2022,USD, $99.27 ,2,376,136,," $60,000.00 ",Completed," $17,141.00 ",51,,,,,,,,,,,
Facebook,L0121_TCN_MY_FB_AO-Cenang_LeadAds_20210119,21-02-2022,2022,USD, $8.67 ,1,158,145,," $60,000.00 ",Completed," $16,668.00 ",52,,,,,,,,,,,
Facebook,L0121_TCN_MY_FB_AO-Cenang_LeadAds_20210119,22-02-2022,2022,USD, $45.46 ,1,1165,33,," $60,000.00 ",Completed," $5,613.00 ",53,,,,,,,,,,,
Facebook,L0121_TCN_MY_FB_AO-Cenang_LeadAds_20210119,23-02-2022,2022,USD, $160.75 ,4,1502,82,," $60,000.00 ",Completed," $2,567.00 ",54,,,,,,,,,,,
Facebook,L0121_TCN_MY_FB_AO-Cenang_LeadAds_20210119,24-02-2022,2022,USD," $3,426.30 ",111,2345,157,," $60,000.00 ",Completed," $3,236.00 ",55,,,,,,,,,,,
Facebook,L0121_TCN_MY_FB_AO-Cenang_LeadAds_20210119,25-02-2022,2022,USD, $59.68 ,2,846,144,," $60,000.00 ",Completed," $4,554.00 ",56,,,,,,,,,,,
Facebook,L0121_TCN_MY_FB_AO-Cenang_LeadAds_20210119,26-02-2022,2022,USD, $0.17 ,3,1716,120,," $60,000.00 ",Completed," $15,447.00 ",57,,,,,,,,,,,
Facebook,L0121_TCN_MY_FB_AO-Cenang_LeadAds_20210119,27-02-2022,2022,USD, $0.04 ,4,1558,149,," $60,000.00 ",Completed," $18,453.00 ",58,,,,,,,,,,,
Facebook,L0121_TCN_MY_FB_AO-Cenang_LeadAds_20210119,28-02-2022,2022,USD, $2.98 ,5,385,50,," $60,000.00 ",Completed," $19,948.00 ",59,,,,,,,,,,,
Facebook,L0121_TCN_MY_FB_AO-Cenang_LeadAds_20210119,01-02-2022,2022,USD, $4.24 ,6,1449,11,," $60,000.00 ",Completed," $8,404.00 ",32,,,,,,,,,,,
Facebook,L0121_TCN_MY_FB_AO-Cenang_LeadAds_20210119,02-02-2022,2022,USD, $1.34 ,7,1136,162,," $60,000.00 ",Completed," $18,193.00 ",33,,,,,,,,,,,
Facebook,L0121_TCN_MY_FB_AO-Cenang_LeadAds_20210119,03-02-2022,2022,USD, $19.10 ,8,2523,110,," $60,000.00 ",Completed," $3,887.00 ",34,,,,,,,,,,,
Facebook,L0121_TCN_MY_FB_AO-Cenang_LeadAds_20210119,04-02-2022,2022,USD, $126.57 ,1,2977,31,," $60,000.00 ",Completed," $16,216.00 ",35,,,,,,,,,,,
Facebook,L0121_TCN_MY_FB_AO-Cenang_LeadAds_20210119,05-02-2022,2022,USD, $1.67 ,9,2483,179,," $60,000.00 ",Completed," $16,574.00 ",36,,,,,,,,,,,
Facebook,L0121_TCN_MY_FB_AO-Cenang_LeadAds_20210119,06-02-2022,2022,USD, $25.37 ,1,296,38,," $60,000.00 ",Completed," $8,782.00 ",37,,,,,,,,,,,
Facebook,L0121_TCN_MY_FB_AO-Cenang_LeadAds_20210119,07-02-2022,2022,USD, $91.44 ,2,2868,23,," $60,000.00 ",Completed," $1,043.00 ",38,,,,,,,,,,,
Facebook,L0121_TCN_MY_FB_AO-Cenang_LeadAds_20210119,08-02-2022,2022,USD, $116.76 ,2,2196,174,," $60,000.00 ",Completed," $10,966.00 ",39,,,,,,,,,,,
Facebook,L0121_TCN_MY_FB_AO-Cenang_LeadAds_20210119,09-02-2022,2022,USD, $103.91 ,3,630,56,," $60,000.00 ",Completed," $12,872.00 ",40,,,,,,,,,,,
Facebook,L0121_TCN_MY_FB_AO-Cenang_LeadAds_20210119,10-02-2022,2022,USD, $24.98 ,1,469,72,," $60,000.00 ",Completed," $8,289.00 ",41,,,,,,,,,,,
Facebook,L0121_TCN_MY_FB_AO-Cenang_LeadAds_20210119,11-02-2022,2022,USD, $9.49 ,4,2592,28,," $60,000.00 ",Completed," $2,773.00 ",42,,,,,,,,,,,
Facebook,L0121_TCN_MY_FB_AO-Cenang_LeadAds_20210119,12-02-2022,2022,USD, $419.02 ,11,2966,88,," $60,000.00 ",Completed," $3,110.00 ",43,,,,,,,,,,,
Facebook,L0121_TCN_MY_FB_AO-Cenang_LeadAds_20210119,13-02-2022,2022,USD," $3,935.18 ",146,848,155,," $60,000.00 ",Completed," $10,947.00 ",44,,,,,,,,,,,
Facebook,L0121_TCN_MY_FB_AO-Cenang_LeadAds_20210119,14-02-2022,2022,USD, $27.29 ,2,797,125,," $60,000.00 ",Completed," $11,144.00 ",45,,,,,,,,,,,
Facebook,L0121_TCN_MY_FB_AO-Cenang_LeadAds_20210119,15-02-2022,2022,USD, $68.53 ,5,2463,159,," $60,000.00 ",Completed," $10,769.00 ",46,,,,,,,,,,,
Facebook,L0121_TCN_MY_FB_AO-Cenang_LeadAds_20210119,16-02-2022,2022,USD, $0.07 ,6,2225,120,," $60,000.00 ",Completed," $17,459.00 ",47,,,,,,,,,,,
Facebook,L0121_TCN_MY_FB_AO-Cenang_LeadAds_20210119,17-02-2022,2022,USD, $2.91 ,11,1975,107,," $60,000.00 ",Completed," $6,455.00 ",48,,,,,,,,,,,
Facebook,L0121_TCN_MY_FB_AO-Cenang_LeadAds_20210119,18-02-2022,2022,USD, $24.36 ,7,2335,102,," $60,000.00 ",Completed," $19,452.00 ",49,,,,,,,,,,,
Facebook,L0121_TCN_MY_FB_AO-Cenang_LeadAds_20210119,19-02-2022,2022,USD, $8.23 ,2,1238,47,," $60,000.00 ",Completed," $1,455.00 ",50,,,,,,,,,,,
Facebook,L0121_TCN_MY_FB_AO-Cenang_LeadAds_20210119,20-02-2022,2022,USD, $18.80 ,3,2766,145,," $60,000.00 ",Completed," $9,731.00 ",51,,,,,,,,,,,
Facebook,L0121_TCN_MY_FB_AO-Cenang_LeadAds_20210119,21-02-2022,2022,USD, $86.82 ,2,2208,72,," $60,000.00 ",Completed," $12,580.00 ",52,,,,,,,,,,,
Facebook,L0121_TCN_MY_FB_AO-Cenang_LeadAds_20210119,22-02-2022,2022,USD, $3.73 ,1,1041,128,," $60,000.00 ",Completed," $6,783.00 ",53,,,,,,,,,,,
Facebook,L0121_TCN_MY_FB_AO-Cenang_LeadAds_20210119,23-02-2022,2022,USD, $5.48 ,9,2126,44,," $60,000.00 ",Completed," $8,918.00 ",54,,,,,,,,,,,
Facebook,L0121_TCN_MY_FB_AO-Cenang_LeadAds_20210119,24-02-2022,2022,USD, $7.22 ,5,512,111,," $60,000.00 ",Completed," $6,000.00 ",55,,,,,,,,,,,
Facebook,L0121_TCN_MY_FB_AO-Cenang_LeadAds_20210119,25-02-2022,2022,USD, $65.66 ,2,1192,21,," $60,000.00 ",Completed," $10,652.00 ",56,,,,,,,,,,,
Facebook,L0121_TCN_MY_FB_AO-Cenang_LeadAds_20210119,26-02-2022,2022,USD, $487.63 ,11,1121,106,," $60,000.00 ",Completed," $4,896.00 ",57,,,,,,,,,,,
Facebook,L0121_TCN_MY_FB_AO-Cenang_LeadAds_20210119,27-02-2022,2022,USD, $69.92 ,2,1508,7,," $60,000.00 ",Completed," $3,744.00 ",58,,,,,,,,,,,
Facebook,L0121_TCN_MY_FB_AO-Cenang_LeadAds_20210119,28-02-2022,2022,USD," $1,439.70 ",50,1885,159,," $60,000.00 ",Completed," $12,578.00 ",59,,,,,,,,,,,
Facebook,L0121_TCN_MY_FB_AO-Cenang_LeadAds_20210119,01-02-2022,2022,USD, $0.14 ,50,399,154,," $60,000.00 ",Completed," $11,847.00 ",32,,,,,,,,,,,
Facebook,L0121_TCN_MY_FB_AO-Cenang_LeadAds_20210119,02-02-2022,2022,USD, $56.06 ,2,430,131,," $60,000.00 ",Completed," $10,231.00 ",33,,,,,,,,,,,
Facebook,L0121_TAA_MY_FB_AO-Aman1_LeadAds_20210106,01-01-2022,2022,USD, $31.93 ,2,520,157,," $26,500.00 ",Completed," $16,301.00 ",1,,,,,,,,,,,
Facebook,L0121_TAA_MY_FB_AO-Aman1_LeadAds_20210106,02-01-2022,2022,USD, $48.12 ,1,970,189,," $26,500.00 ",Completed," $18,841.00 ",2,,,,,,,,,,,
Facebook,L0121_TAA_MY_FB_AO-Aman1_LeadAds_20210106,03-01-2022,2022,USD, $307.23 ,6,2994,115,," $26,500.00 ",Completed," $5,006.00 ",3,,,,,,,,,,,
Facebook,L0121_TAA_MY_FB_AO-Aman1_LeadAds_20210106,04-01-2022,2022,USD, $18.39 ,2,745,72,," $26,500.00 ",Completed," $5,304.00 ",4,,,,,,,,,,,
Facebook,L0121_TAA_MY_FB_AO-Aman1_LeadAds_20210106,05-01-2022,2022,USD, $93.37 ,1,546,121,," $26,500.00 ",Completed," $14,567.00 ",5,,,,,,,,,,,
Facebook,L0121_TAA_MY_FB_AO-Aman1_LeadAds_20210106,06-01-2022,2022,USD, $59.31 ,3,1164,76,," $26,500.00 ",Completed," $5,080.00 ",6,,,,,,,,,,,
Facebook,L0121_TAA_MY_FB_AO-Aman1_LeadAds_20210106,07-01-2022,2022,USD, $61.32 ,5,343,46,," $26,500.00 ",Completed," $11,794.00 ",7,,,,,,,,,,,
Facebook,L0121_TCN_MY_FB_AO-Cenang_LeadAds_20210119,08-01-2022,2022,USD, $17.99 ,6,412,113,," $60,000.00 ",Completed," $17,135.00 ",8,,,,,,,,,,,
Facebook,L0121_TCN_MY_FB_AO-Cenang_LeadAds_20210119,09-01-2022,2022,USD, $78.43 ,3,985,102,," $60,000.00 ",Completed," $1,808.00 ",9,,,,,,,,,,,
Facebook,L0121_TCN_MY_FB_AO-Cenang_LeadAds_20210119,10-01-2022,2022,USD, $22.19 ,1,2291,76,," $60,000.00 ",Completed," $11,350.00 ",10,,,,,,,,,,,
Facebook,L0121_TCN_MY_FB_AO-Cenang_LeadAds_20210119,11-01-2022,2022,USD, $19.84 ,5,1126,104,," $60,000.00 ",Completed," $12,292.00 ",11,,,,,,,,,,,
Facebook,L0121_TCN_MY_FB_AO-Cenang_LeadAds_20210119,12-01-2022,2022,USD, $14.07 ,1,306,193,," $60,000.00 ",Completed," $18,607.00 ",12,,,,,,,,,,,
Facebook,L0121_TCN_MY_FB_AO-Cenang_LeadAds_20210119,13-01-2022,2022,USD, $280.97 ,11,1811,161,," $60,000.00 ",Completed," $3,682.00 ",13,,,,,,,,,,,
Facebook,L0121_TCN_MY_FB_AO-Cenang_LeadAds_20210119,14-01-2022,2022,USD, $374.76 ,19,8,126,," $60,000.00 ",Completed," $13,106.00 ",14,,,,,,,,,,,
Facebook,L0121_TCN_MY_FB_AO-Cenang_LeadAds_20210119,15-01-2022,2022,USD, $0.54 ,2,948,118,," $60,000.00 ",Completed," $18,782.00 ",15,,,,,,,,,,,
Facebook,L0121_TCN_MY_FB_AO-Cenang_LeadAds_20210119,16-01-2022,2022,USD, $44.01 ,1,1139,107,," $60,000.00 ",Completed," $6,839.00 ",16,,,,,,,,,,,
Facebook,L0121_TCN_MY_FB_AO-Cenang_LeadAds_20210119,17-01-2022,2022,USD, $989.78 ,34,199,93,," $60,000.00 ",Completed, $84.00 ,17,,,,,,,,,,,
Facebook,L0121_TCN_MY_FB_AO-Cenang_LeadAds_20210119,18-01-2022,2022,USD," $1,160.61 ",40,2403,136,," $60,000.00 ",Completed," $6,936.00 ",18,,,,,,,,,,,
Facebook,L0121_TCN_MY_FB_AO-Cenang_LeadAds_20210119,19-01-2022,2022,USD, $214.18 ,10,200,172,," $60,000.00 ",Completed," $12,629.00 ",19,,,,,,,,,,,
Facebook,L0121_TCN_MY_FB_AO-Cenang_LeadAds_20210119,20-01-2022,2022,USD, $267.07 ,14,1968,177,," $60,000.00 ",Completed," $4,949.00 ",20,,,,,,,,,,,
Facebook,L0121_TCN_MY_FB_AO-Cenang_LeadAds_20210119,21-01-2022,2022,USD, $0.20 ,3,1809,196,," $60,000.00 ",Completed," $1,305.00 ",21,,,,,,,,,,,
Facebook,L0121_TCN_MY_FB_AO-Cenang_LeadAds_20210119,22-01-2022,2022,USD, $4.94 ,4,2061,170,," $60,000.00 ",Completed," $18,189.00 ",22,,,,,,,,,,,
Facebook,L0121_TCN_MY_FB_AO-Cenang_LeadAds_20210119,23-01-2022,2022,USD, $22.21 ,1,2991,1,," $60,000.00 ",Completed," $16,531.00 ",23,,,,,,,,,,,
Facebook,L0121_TCN_MY_FB_AO-Cenang_LeadAds_20210119,24-01-2022,2022,USD, $116.19 ,1,870,14,," $60,000.00 ",Completed," $5,070.00 ",24,,,,,,,,,,,
Facebook,L0121_TCN_MY_FB_AO-Cenang_LeadAds_20210119,25-01-2022,2022,USD, $34.83 ,2,660,158,," $60,000.00 ",Completed," $8,060.00 ",25,,,,,,,,,,,
Facebook,L0121_TCN_MY_FB_AO-Cenang_LeadAds_20210119,26-01-2022,2022,USD, $358.75 ,15,1098,155,," $60,000.00 ",Completed," $16,269.00 ",26,,,,,,,,,,,
Facebook,L0121_TCN_MY_FB_AO-Cenang_LeadAds_20210119,27-01-2022,2022,USD," $1,380.45 ",69,2193,73,," $60,000.00 ",Completed," $2,410.00 ",27,,,,,,,,,,,
Facebook,L0121_TCN_MY_FB_AO-Cenang_LeadAds_20210119,28-01-2022,2022,USD, $20.29 ,5,1235,78,," $60,000.00 ",Completed," $17,683.00 ",28,,,,,,,,,,,
Facebook,L0121_TCN_MY_FB_AO-Cenang_LeadAds_20210119,29-01-2022,2022,USD, $6.97 ,6,2045,193,," $60,000.00 ",Completed," $11,455.00 ",29,,,,,,,,,,,
Facebook,L0121_TCN_MY_FB_AO-Cenang_LeadAds_20210119,30-01-2022,2022,USD, $9.05 ,7,1889,53,," $60,000.00 ",Completed," $15,333.00 ",30,,,,,,,,,,,
Facebook,L0121_TCN_MY_FB_AO-Cenang_LeadAds_20210119,31-01-2022,2022,USD," $1,033.64 ",20,1968,67,," $60,000.00 ",Completed," $13,921.00 ",31,,,,,,,,,,,
Facebook,L0121_TCN_MY_FB_AO-Cenang_LeadAds_20210119,01-01-2022,2022,USD, $477.57 ,16,1737,182,," $60,000.00 ",Completed," $17,695.00 ",1,,,,,,,,,,,
Facebook,L0121_TCN_MY_FB_AO-Cenang_LeadAds_20210119,02-01-2022,2022,USD, $907.01 ,56,1829,81,," $60,000.00 ",Completed," $17,281.00 ",2,,,,,,,,,,,
Facebook,L0121_TCN_MY_FB_AO-Cenang_LeadAds_20210119,03-01-2022,2022,USD, $1.64 ,8,409,58,," $60,000.00 ",Completed," $2,728.00 ",3,,,,,,,,,,,
